x y e
12.0000 22.0000 0.0000
12.7416 22.0000 0.0000
13.4831 22.0000 0.0000
14.2247 22.0000 0.0000
14.9663 22.0000 0.0000
15.7079 22.0000 0.0000
16.4494 22.0000 0.0000
17.1910 22.0000 0.0000
17.9326 22.0000 0.0000
18.6742 22.0000 0.0000
19.4157 22.0000 0.0000
20.1573 22.0000 0.0000
20.8989 22.0000 0.0000
21.6404 22.0000 0.0000
22.3820 22.0000 0.0000
23.1236 22.0000 0.0000
23.8652 22.0000 0.0000
24.6067 22.0000 0.0000
25.3483 22.0000 0.0000
26.0899 22.0000 0.0000
26.8315 22.0000 0.0000
27.5730 22.0000 0.0000
28.3146 22.0000 0.0000
29.0562 22.0000 0.0000
29.7978 22.0000 0.0000
30.5393 22.0000 0.0000
31.2809 22.0000 0.0000
32.0225 22.0000 0.0000
32.7640 22.0000 0.0000
33.5056 22.0000 0.0021
34.2472 22.0000 0.0080
34.9888 22.0000 0.0140
35.7303 22.0000 0.0203
36.4719 22.0000 0.0273
37.2135 22.0000 0.0354
37.9551 22.0000 0.0448
38.6966 22.0000 0.0557
39.4382 22.0000 0.0680
40.1798 22.0000 0.0812
40.9213 22.0000 0.0949
41.6629 22.0000 0.1082
42.4045 22.0000 0.1203
43.1461 22.0000 0.1304
43.8876 22.0000 0.1376
44.6292 22.0000 0.1415
45.3708 22.0000 0.1414
46.1124 22.0000 0.1372
46.8539 22.0000 0.1288
47.5955 22.0000 0.1165
48.3371 22.0000 0.1006
49.0787 22.0000 0.0818
49.8202 22.0000 0.0609
50.5618 22.0000 0.0391
51.3034 22.0000 0.0174
52.0449 22.0000 0.0000
52.7865 22.0000 0.0000
53.5281 22.0000 0.0000
54.2697 22.0000 0.0000
55.0112 22.0000 0.0000
55.7528 22.0000 0.0000
56.4944 22.0000 0.0000
57.2360 22.0000 0.0000
57.9775 22.0000 0.0000
58.7191 22.0000 0.0000
59.4607 22.0000 0.0000
60.2022 22.0000 0.0000
60.9438 22.0000 0.0000
61.6854 22.0000 0.0000
62.4270 22.0000 0.0000
63.1685 22.0000 0.0000
63.9101 22.0000 0.0000
64.6517 22.0000 0.0000
65.3933 22.0000 0.0000
66.1348 22.0000 0.0000
66.8764 22.0000 0.0000
67.6180 22.0000 0.0000
68.3596 22.0000 0.0000
69.1011 22.0000 0.0000
69.8427 22.0000 0.0000
70.5843 22.0000 0.0000
71.3258 22.0000 0.0000
72.0674 22.0000 0.0000
72.8090 22.0000 0.0000
73.5506 22.0000 0.0000
74.2921 22.0000 0.0000
75.0337 22.0000 0.0000
75.7753 22.0000 0.0000
76.5169 22.0000 0.0000
77.2584 22.0000 0.0000
78.0000 22.0000 0.0000

12.0000 22.7273 0.0000
12.7416 22.7273 0.0000
13.4831 22.7273 0.0000
14.2247 22.7273 0.0000
14.9663 22.7273 0.0000
15.7079 22.7273 0.0000
16.4494 22.7273 0.0000
17.1910 22.7273 0.0000
17.9326 22.7273 0.0000
18.6742 22.7273 0.0000
19.4157 22.7273 0.0000
20.1573 22.7273 0.0000
20.8989 22.7273 0.0000
21.6404 22.7273 0.0000
22.3820 22.7273 0.0000
23.1236 22.7273 0.0000
23.8652 22.7273 0.0000
24.6067 22.7273 0.0018
25.3483 22.7273 0.0138
26.0899 22.7273 0.0243
26.8315 22.7273 0.0337
27.5730 22.7273 0.0421
28.3146 22.7273 0.0499
29.0562 22.7273 0.0572
29.7978 22.7273 0.0641
30.5393 22.7273 0.0707
31.2809 22.7273 0.0770
32.0225 22.7273 0.0831
32.7640 22.7273 0.0889
33.5056 22.7273 0.0947
34.2472 22.7273 0.1006
34.9888 22.7273 0.1068
35.7303 22.7273 0.1136
36.4719 22.7273 0.1214
37.2135 22.7273 0.1306
37.9551 22.7273 0.1414
38.6966 22.7273 0.1539
39.4382 22.7273 0.1678
40.1798 22.7273 0.1827
40.9213 22.7273 0.1980
41.6629 22.7273 0.2128
42.4045 22.7273 0.2263
43.1461 22.7273 0.2376
43.8876 22.7273 0.2459
44.6292 22.7273 0.2506
45.3708 22.7273 0.2512
46.1124 22.7273 0.2476
46.8539 22.7273 0.2395
47.5955 22.7273 0.2271
48.3371 22.7273 0.2108
49.0787 22.7273 0.1913
49.8202 22.7273 0.1695
50.5618 22.7273 0.1465
51.3034 22.7273 0.1234
52.0449 22.7273 0.1013
52.7865 22.7273 0.0813
53.5281 22.7273 0.0640
54.2697 22.7273 0.0498
55.0112 22.7273 0.0387
55.7528 22.7273 0.0305
56.4944 22.7273 0.0249
57.2360 22.7273 0.0215
57.9775 22.7273 0.0197
58.7191 22.7273 0.0191
59.4607 22.7273 0.0192
60.2022 22.7273 0.0198
60.9438 22.7273 0.0202
61.6854 22.7273 0.0204
62.4270 22.7273 0.0198
63.1685 22.7273 0.0183
63.9101 22.7273 0.0154
64.6517 22.7273 0.0108
65.3933 22.7273 0.0041
66.1348 22.7273 0.0000
66.8764 22.7273 0.0000
67.6180 22.7273 0.0000
68.3596 22.7273 0.0000
69.1011 22.7273 0.0000
69.8427 22.7273 0.0000
70.5843 22.7273 0.0000
71.3258 22.7273 0.0000
72.0674 22.7273 0.0000
72.8090 22.7273 0.0000
73.5506 22.7273 0.0000
74.2921 22.7273 0.0000
75.0337 22.7273 0.0000
75.7753 22.7273 0.0000
76.5169 22.7273 0.0000
77.2584 22.7273 0.0000
78.0000 22.7273 0.0000

12.0000 23.4545 0.0000
12.7416 23.4545 0.0000
13.4831 23.4545 0.0000
14.2247 23.4545 0.0000
14.9663 23.4545 0.0000
15.7079 23.4545 0.0000
16.4494 23.4545 0.0000
17.1910 23.4545 0.0000
17.9326 23.4545 0.0000
18.6742 23.4545 0.0000
19.4157 23.4545 0.0000
20.1573 23.4545 0.0000
20.8989 23.4545 0.0103
21.6404 23.4545 0.0374
22.3820 23.4545 0.0601
23.1236 23.4545 0.0790
23.8652 23.4545 0.0946
24.6067 23.4545 0.1075
25.3483 23.4545 0.1182
26.0899 23.4545 0.1273
26.8315 23.4545 0.1352
27.5730 23.4545 0.1421
28.3146 23.4545 0.1485
29.0562 23.4545 0.1544
29.7978 23.4545 0.1600
30.5393 23.4545 0.1654
31.2809 23.4545 0.1707
32.0225 23.4545 0.1760
32.7640 23.4545 0.1814
33.5056 23.4545 0.1869
34.2472 23.4545 0.1927
34.9888 23.4545 0.1992
35.7303 23.4545 0.2066
36.4719 23.4545 0.2152
37.2135 23.4545 0.2254
37.9551 23.4545 0.2374
38.6966 23.4545 0.2511
39.4382 23.4545 0.2664
40.1798 23.4545 0.2825
40.9213 23.4545 0.2989
41.6629 23.4545 0.3147
42.4045 23.4545 0.3290
43.1461 23.4545 0.3409
43.8876 23.4545 0.3498
44.6292 23.4545 0.3551
45.3708 23.4545 0.3563
46.1124 23.4545 0.3531
46.8539 23.4545 0.3454
47.5955 23.4545 0.3334
48.3371 23.4545 0.3173
49.0787 23.4545 0.2977
49.8202 23.4545 0.2756
50.5618 23.4545 0.2521
51.3034 23.4545 0.2283
52.0449 23.4545 0.2056
52.7865 23.4545 0.1849
53.5281 23.4545 0.1671
54.2697 23.4545 0.1526
55.0112 23.4545 0.1414
55.7528 23.4545 0.1333
56.4944 23.4545 0.1280
57.2360 23.4545 0.1249
57.9775 23.4545 0.1237
58.7191 23.4545 0.1238
59.4607 23.4545 0.1246
60.2022 23.4545 0.1259
60.9438 23.4545 0.1272
61.6854 23.4545 0.1281
62.4270 23.4545 0.1283
63.1685 23.4545 0.1274
63.9101 23.4545 0.1250
64.6517 23.4545 0.1208
65.3933 23.4545 0.1142
66.1348 23.4545 0.1049
66.8764 23.4545 0.0922
67.6180 23.4545 0.0758
68.3596 23.4545 0.0553
69.1011 23.4545 0.0302
69.8427 23.4545 0.0002
70.5843 23.4545 0.0000
71.3258 23.4545 0.0000
72.0674 23.4545 0.0000
72.8090 23.4545 0.0000
73.5506 23.4545 0.0000
74.2921 23.4545 0.0000
75.0337 23.4545 0.0000
75.7753 23.4545 0.0000
76.5169 23.4545 0.0000
77.2584 23.4545 0.0000
78.0000 23.4545 0.0000

12.0000 24.1818 0.0000
12.7416 24.1818 0.0000
13.4831 24.1818 0.0000
14.2247 24.1818 0.0000
14.9663 24.1818 0.0000
15.7079 24.1818 0.0000
16.4494 24.1818 0.0000
17.1910 24.1818 0.0000
17.9326 24.1818 0.0000
18.6742 24.1818 0.0002
19.4157 24.1818 0.0438
20.1573 24.1818 0.0818
20.8989 24.1818 0.1143
21.6404 24.1818 0.1416
22.3820 24.1818 0.1641
23.1236 24.1818 0.1825
23.8652 24.1818 0.1974
24.6067 24.1818 0.2093
25.3483 24.1818 0.2189
26.0899 24.1818 0.2267
26.8315 24.1818 0.2333
27.5730 24.1818 0.2389
28.3146 24.1818 0.2440
29.0562 24.1818 0.2487
29.7978 24.1818 0.2533
30.5393 24.1818 0.2578
31.2809 24.1818 0.2623
32.0225 24.1818 0.2670
32.7640 24.1818 0.2719
33.5056 24.1818 0.2772
34.2472 24.1818 0.2831
34.9888 24.1818 0.2898
35.7303 24.1818 0.2977
36.4719 24.1818 0.3071
37.2135 24.1818 0.3181
37.9551 24.1818 0.3310
38.6966 24.1818 0.3456
39.4382 24.1818 0.3617
40.1798 24.1818 0.3786
40.9213 24.1818 0.3955
41.6629 24.1818 0.4116
42.4045 24.1818 0.4261
43.1461 24.1818 0.4383
43.8876 24.1818 0.4474
44.6292 24.1818 0.4529
45.3708 24.1818 0.4544
46.1124 24.1818 0.4516
46.8539 24.1818 0.4445
47.5955 24.1818 0.4330
48.3371 24.1818 0.4174
49.0787 24.1818 0.3983
49.8202 24.1818 0.3766
50.5618 24.1818 0.3533
51.3034 24.1818 0.3296
52.0449 24.1818 0.3068
52.7865 24.1818 0.2861
53.5281 24.1818 0.2682
54.2697 24.1818 0.2536
55.0112 24.1818 0.2425
55.7528 24.1818 0.2346
56.4944 24.1818 0.2295
57.2360 24.1818 0.2268
57.9775 24.1818 0.2259
58.7191 24.1818 0.2264
59.4607 24.1818 0.2277
60.2022 24.1818 0.2294
60.9438 24.1818 0.2312
61.6854 24.1818 0.2326
62.4270 24.1818 0.2333
63.1685 24.1818 0.2329
63.9101 24.1818 0.2309
64.6517 24.1818 0.2270
65.3933 24.1818 0.2206
66.1348 24.1818 0.2112
66.8764 24.1818 0.1983
67.6180 24.1818 0.1814
68.3596 24.1818 0.1601
69.1011 24.1818 0.1339
69.8427 24.1818 0.1024
70.5843 24.1818 0.0655
71.3258 24.1818 0.0229
72.0674 24.1818 0.0000
72.8090 24.1818 0.0000
73.5506 24.1818 0.0000
74.2921 24.1818 0.0000
75.0337 24.1818 0.0000
75.7753 24.1818 0.0000
76.5169 24.1818 0.0000
77.2584 24.1818 0.0000
78.0000 24.1818 0.0000

12.0000 24.9091 0.0000
12.7416 24.9091 0.0000
13.4831 24.9091 0.0000
14.2247 24.9091 0.0000
14.9663 24.9091 0.0000
15.7079 24.9091 0.0000
16.4494 24.9091 0.0000
17.1910 24.9091 0.0000
17.9326 24.9091 0.0450
18.6742 24.9091 0.0961
19.4157 24.9091 0.1411
20.1573 24.9091 0.1799
20.8989 24.9091 0.2129
21.6404 24.9091 0.2403
22.3820 24.9091 0.2627
23.1236 24.9091 0.2806
23.8652 24.9091 0.2948
24.6067 24.9091 0.3058
25.3483 24.9091 0.3144
26.0899 24.9091 0.3212
26.8315 24.9091 0.3266
27.5730 24.9091 0.3312
28.3146 24.9091 0.3353
29.0562 24.9091 0.3391
29.7978 24.9091 0.3428
30.5393 24.9091 0.3465
31.2809 24.9091 0.3505
32.0225 24.9091 0.3547
32.7640 24.9091 0.3593
33.5056 24.9091 0.3645
34.2472 24.9091 0.3704
34.9888 24.9091 0.3774
35.7303 24.9091 0.3857
36.4719 24.9091 0.3955
37.2135 24.9091 0.4071
37.9551 24.9091 0.4206
38.6966 24.9091 0.4357
39.4382 24.9091 0.4521
40.1798 24.9091 0.4691
40.9213 24.9091 0.4860
41.6629 24.9091 0.5019
42.4045 24.9091 0.5162
43.1461 24.9091 0.5280
43.8876 24.9091 0.5369
44.6292 24.9091 0.5423
45.3708 24.9091 0.5439
46.1124 24.9091 0.5415
46.8539 24.9091 0.5349
47.5955 24.9091 0.5242
48.3371 24.9091 0.5095
49.0787 24.9091 0.4914
49.8202 24.9091 0.4706
50.5618 24.9091 0.4480
51.3034 24.9091 0.4250
52.0449 24.9091 0.4028
52.7865 24.9091 0.3825
53.5281 24.9091 0.3650
54.2697 24.9091 0.3507
55.0112 24.9091 0.3398
55.7528 24.9091 0.3321
56.4944 24.9091 0.3273
57.2360 24.9091 0.3247
57.9775 24.9091 0.3240
58.7191 24.9091 0.3246
59.4607 24.9091 0.3261
60.2022 24.9091 0.3281
60.9438 24.9091 0.3301
61.6854 24.9091 0.3318
62.4270 24.9091 0.3328
63.1685 24.9091 0.3327
63.9101 24.9091 0.3311
64.6517 24.9091 0.3274
65.3933 24.9091 0.3212
66.1348 24.9091 0.3118
66.8764 24.9091 0.2988
67.6180 24.9091 0.2817
68.3596 24.9091 0.2598
69.1011 24.9091 0.2327
69.8427 24.9091 0.2002
70.5843 24.9091 0.1617
71.3258 24.9091 0.1172
72.0674 24.9091 0.0664
72.8090 24.9091 0.0090
73.5506 24.9091 0.0000
74.2921 24.9091 0.0000
75.0337 24.9091 0.0000
75.7753 24.9091 0.0000
76.5169 24.9091 0.0000
77.2584 24.9091 0.0000
78.0000 24.9091 0.0000

12.0000 25.6364 0.0000
12.7416 25.6364 0.0000
13.4831 25.6364 0.0000
14.2247 25.6364 0.0000
14.9663 25.6364 0.0000
15.7079 25.6364 0.0000
16.4494 25.6364 0.0096
17.1910 25.6364 0.0748
17.9326 25.6364 0.1338
18.6742 25.6364 0.1863
19.4157 25.6364 0.2322
20.1573 25.6364 0.2717
20.8989 25.6364 0.3050
21.6404 25.6364 0.3325
22.3820 25.6364 0.3547
23.1236 25.6364 0.3722
23.8652 25.6364 0.3857
24.6067 25.6364 0.3960
25.3483 25.6364 0.4038
26.0899 25.6364 0.4097
26.8315 25.6364 0.4143
27.5730 25.6364 0.4181
28.3146 25.6364 0.4214
29.0562 25.6364 0.4245
29.7978 25.6364 0.4275
30.5393 25.6364 0.4308
31.2809 25.6364 0.4343
32.0225 25.6364 0.4382
32.7640 25.6364 0.4426
33.5056 25.6364 0.4477
34.2472 25.6364 0.4536
34.9888 25.6364 0.4607
35.7303 25.6364 0.4692
36.4719 25.6364 0.4793
37.2135 25.6364 0.4912
37.9551 25.6364 0.5048
38.6966 25.6364 0.5200
39.4382 25.6364 0.5362
40.1798 25.6364 0.5528
40.9213 25.6364 0.5692
41.6629 25.6364 0.5844
42.4045 25.6364 0.5979
43.1461 25.6364 0.6091
43.8876 25.6364 0.6174
44.6292 25.6364 0.6225
45.3708 25.6364 0.6241
46.1124 25.6364 0.6220
46.8539 25.6364 0.6160
47.5955 25.6364 0.6061
48.3371 25.6364 0.5926
49.0787 25.6364 0.5757
49.8202 25.6364 0.5562
50.5618 25.6364 0.5350
51.3034 25.6364 0.5132
52.0449 25.6364 0.4921
52.7865 25.6364 0.4727
53.5281 25.6364 0.4559
54.2697 25.6364 0.4422
55.0112 25.6364 0.4317
55.7528 25.6364 0.4242
56.4944 25.6364 0.4195
57.2360 25.6364 0.4170
57.9775 25.6364 0.4163
58.7191 25.6364 0.4169
59.4607 25.6364 0.4184
60.2022 25.6364 0.4203
60.9438 25.6364 0.4224
61.6854 25.6364 0.4243
62.4270 25.6364 0.4254
63.1685 25.6364 0.4255
63.9101 25.6364 0.4241
64.6517 25.6364 0.4207
65.3933 25.6364 0.4147
66.1348 25.6364 0.4055
66.8764 25.6364 0.3925
67.6180 25.6364 0.3752
68.3596 25.6364 0.3529
69.1011 25.6364 0.3253
69.8427 25.6364 0.2919
70.5843 25.6364 0.2524
71.3258 25.6364 0.2064
72.0674 25.6364 0.1537
72.8090 25.6364 0.0940
73.5506 25.6364 0.0275
74.2921 25.6364 0.0000
75.0337 25.6364 0.0000
75.7753 25.6364 0.0000
76.5169 25.6364 0.0000
77.2584 25.6364 0.0000
78.0000 25.6364 0.0000

12.0000 26.3636 0.0000
12.7416 26.3636 0.0000
13.4831 26.3636 0.0000
14.2247 26.3636 0.0000
14.9663 26.3636 0.0000
15.7079 26.3636 0.0155
16.4494 26.3636 0.0889
17.1910 26.3636 0.1560
17.9326 26.3636 0.2163
18.6742 26.3636 0.2698
19.4157 26.3636 0.3165
20.1573 26.3636 0.3564
20.8989 26.3636 0.3899
21.6404 26.3636 0.4174
22.3820 26.3636 0.4394
23.1236 26.3636 0.4566
23.8652 26.3636 0.4697
24.6067 26.3636 0.4794
25.3483 26.3636 0.4866
26.0899 26.3636 0.4918
26.8315 26.3636 0.4958
27.5730 26.3636 0.4989
28.3146 26.3636 0.5017
29.0562 26.3636 0.5042
29.7978 26.3636 0.5069
30.5393 26.3636 0.5097
31.2809 26.3636 0.5129
32.0225 26.3636 0.5166
32.7640 26.3636 0.5209
33.5056 26.3636 0.5259
34.2472 26.3636 0.5318
34.9888 26.3636 0.5389
35.7303 26.3636 0.5475
36.4719 26.3636 0.5576
37.2135 26.3636 0.5693
37.9551 26.3636 0.5827
38.6966 26.3636 0.5975
39.4382 26.3636 0.6131
40.1798 26.3636 0.6289
40.9213 26.3636 0.6443
41.6629 26.3636 0.6585
42.4045 26.3636 0.6709
43.1461 26.3636 0.6811
43.8876 26.3636 0.6887
44.6292 26.3636 0.6933
45.3708 26.3636 0.6947
46.1124 26.3636 0.6928
46.8539 26.3636 0.6874
47.5955 26.3636 0.6785
48.3371 26.3636 0.6662
49.0787 26.3636 0.6508
49.8202 26.3636 0.6330
50.5618 26.3636 0.6134
51.3034 26.3636 0.5933
52.0449 26.3636 0.5736
52.7865 26.3636 0.5554
53.5281 26.3636 0.5396
54.2697 26.3636 0.5267
55.0112 26.3636 0.5167
55.7528 26.3636 0.5095
56.4944 26.3636 0.5049
57.2360 26.3636 0.5024
57.9775 26.3636 0.5016
58.7191 26.3636 0.5020
59.4607 26.3636 0.5034
60.2022 26.3636 0.5052
60.9438 26.3636 0.5072
61.6854 26.3636 0.5090
62.4270 26.3636 0.5102
63.1685 26.3636 0.5105
63.9101 26.3636 0.5092
64.6517 26.3636 0.5060
65.3933 26.3636 0.5002
66.1348 26.3636 0.4912
66.8764 26.3636 0.4783
67.6180 26.3636 0.4610
68.3596 26.3636 0.4386
69.1011 26.3636 0.4107
69.8427 26.3636 0.3767
70.5843 26.3636 0.3364
71.3258 26.3636 0.2892
72.0674 26.3636 0.2350
72.8090 26.3636 0.1736
73.5506 26.3636 0.1048
74.2921 26.3636 0.0287
75.0337 26.3636 0.0000
75.7753 26.3636 0.0000
76.5169 26.3636 0.0000
77.2584 26.3636 0.0000
78.0000 26.3636 0.0000

12.0000 27.0909 0.0000
12.7416 27.0909 0.0000
13.4831 27.0909 0.0000
14.2247 27.0909 0.0000
14.9663 27.0909 0.0052
15.7079 27.0909 0.0868
16.4494 27.0909 0.1621
17.1910 27.0909 0.2306
17.9326 27.0909 0.2919
18.6742 27.0909 0.3462
19.4157 27.0909 0.3933
20.1573 27.0909 0.4335
20.8989 27.0909 0.4671
21.6404 27.0909 0.4946
22.3820 27.0909 0.5164
23.1236 27.0909 0.5334
23.8652 27.0909 0.5462
24.6067 27.0909 0.5556
25.3483 27.0909 0.5623
26.0899 27.0909 0.5671
26.8315 27.0909 0.5706
27.5730 27.0909 0.5734
28.3146 27.0909 0.5757
29.0562 27.0909 0.5779
29.7978 27.0909 0.5803
30.5393 27.0909 0.5829
31.2809 27.0909 0.5859
32.0225 27.0909 0.5894
32.7640 27.0909 0.5935
33.5056 27.0909 0.5984
34.2472 27.0909 0.6043
34.9888 27.0909 0.6113
35.7303 27.0909 0.6196
36.4719 27.0909 0.6294
37.2135 27.0909 0.6408
37.9551 27.0909 0.6536
38.6966 27.0909 0.6676
39.4382 27.0909 0.6822
40.1798 27.0909 0.6968
40.9213 27.0909 0.7109
41.6629 27.0909 0.7238
42.4045 27.0909 0.7350
43.1461 27.0909 0.7441
43.8876 27.0909 0.7508
44.6292 27.0909 0.7548
45.3708 27.0909 0.7560
46.1124 27.0909 0.7543
46.8539 27.0909 0.7494
47.5955 27.0909 0.7414
48.3371 27.0909 0.7305
49.0787 27.0909 0.7167
49.8202 27.0909 0.7007
50.5618 27.0909 0.6831
51.3034 27.0909 0.6648
52.0449 27.0909 0.6468
52.7865 27.0909 0.6302
53.5281 27.0909 0.6156
54.2697 27.0909 0.6035
55.0112 27.0909 0.5942
55.7528 27.0909 0.5874
56.4944 27.0909 0.5829
57.2360 27.0909 0.5803
57.9775 27.0909 0.5793
58.7191 27.0909 0.5795
59.4607 27.0909 0.5805
60.2022 27.0909 0.5821
60.9438 27.0909 0.5839
61.6854 27.0909 0.5856
62.4270 27.0909 0.5868
63.1685 27.0909 0.5871
63.9101 27.0909 0.5859
64.6517 27.0909 0.5829
65.3933 27.0909 0.5773
66.1348 27.0909 0.5684
66.8764 27.0909 0.5557
67.6180 27.0909 0.5385
68.3596 27.0909 0.5162
69.1011 27.0909 0.4881
69.8427 27.0909 0.4539
70.5843 27.0909 0.4129
71.3258 27.0909 0.3650
72.0674 27.0909 0.3097
72.8090 27.0909 0.2469
73.5506 27.0909 0.1763
74.2921 27.0909 0.0979
75.0337 27.0909 0.0121
75.7753 27.0909 0.0000
76.5169 27.0909 0.0000
77.2584 27.0909 0.0000
78.0000 27.0909 0.0000

12.0000 27.8182 0.0000
12.7416 27.8182 0.0000
13.4831 27.8182 0.0000
14.2247 27.8182 0.0000
14.9663 27.8182 0.0684
15.7079 27.8182 0.1519
16.4494 27.8182 0.2286
17.1910 27.8182 0.2981
17.9326 27.8182 0.3602
18.6742 27.8182 0.4149
19.4157 27.8182 0.4623
20.1573 27.8182 0.5027
20.8989 27.8182 0.5364
21.6404 27.8182 0.5638
22.3820 27.8182 0.5857
23.1236 27.8182 0.6025
23.8652 27.8182 0.6151
24.6067 27.8182 0.6243
25.3483 27.8182 0.6308
26.0899 27.8182 0.6353
26.8315 27.8182 0.6386
27.5730 27.8182 0.6411
28.3146 27.8182 0.6432
29.0562 27.8182 0.6452
29.7978 27.8182 0.6474
30.5393 27.8182 0.6498
31.2809 27.8182 0.6527
32.0225 27.8182 0.6560
32.7640 27.8182 0.6600
33.5056 27.8182 0.6647
34.2472 27.8182 0.6704
34.9888 27.8182 0.6771
35.7303 27.8182 0.6851
36.4719 27.8182 0.6945
37.2135 27.8182 0.7052
37.9551 27.8182 0.7171
38.6966 27.8182 0.7300
39.4382 27.8182 0.7433
40.1798 27.8182 0.7566
40.9213 27.8182 0.7692
41.6629 27.8182 0.7806
42.4045 27.8182 0.7905
43.1461 27.8182 0.7984
43.8876 27.8182 0.8041
44.6292 27.8182 0.8076
45.3708 27.8182 0.8085
46.1124 27.8182 0.8069
46.8539 27.8182 0.8026
47.5955 27.8182 0.7955
48.3371 27.8182 0.7859
49.0787 27.8182 0.7738
49.8202 27.8182 0.7596
50.5618 27.8182 0.7440
51.3034 27.8182 0.7277
52.0449 27.8182 0.7116
52.7865 27.8182 0.6966
53.5281 27.8182 0.6834
54.2697 27.8182 0.6724
55.0112 27.8182 0.6637
55.7528 27.8182 0.6573
56.4944 27.8182 0.6529
57.2360 27.8182 0.6503
57.9775 27.8182 0.6490
58.7191 27.8182 0.6489
59.4607 27.8182 0.6496
60.2022 27.8182 0.6509
60.9438 27.8182 0.6524
61.6854 27.8182 0.6539
62.4270 27.8182 0.6550
63.1685 27.8182 0.6552
63.9101 27.8182 0.6542
64.6517 27.8182 0.6512
65.3933 27.8182 0.6458
66.1348 27.8182 0.6371
66.8764 27.8182 0.6246
67.6180 27.8182 0.6076
68.3596 27.8182 0.5853
69.1011 27.8182 0.5573
69.8427 27.8182 0.5229
70.5843 27.8182 0.4817
71.3258 27.8182 0.4332
72.0674 27.8182 0.3772
72.8090 27.8182 0.3132
73.5506 27.8182 0.2412
74.2921 27.8182 0.1611
75.0337 27.8182 0.0732
75.7753 27.8182 0.0000
76.5169 27.8182 0.0000
77.2584 27.8182 0.0000
78.0000 27.8182 0.0000

12.0000 28.5455 0.0000
12.7416 28.5455 0.0000
13.4831 28.5455 0.0000
14.2247 28.5455 0.0333
14.9663 28.5455 0.1251
15.7079 28.5455 0.2102
16.4494 28.5455 0.2879
17.1910 28.5455 0.3581
17.9326 28.5455 0.4207
18.6742 28.5455 0.4757
19.4157 28.5455 0.5233
20.1573 28.5455 0.5638
20.8989 28.5455 0.5976
21.6404 28.5455 0.6251
22.3820 28.5455 0.6469
23.1236 28.5455 0.6638
23.8652 28.5455 0.6764
24.6067 28.5455 0.6855
25.3483 28.5455 0.6919
26.0899 28.5455 0.6963
26.8315 28.5455 0.6995
27.5730 28.5455 0.7019
28.3146 28.5455 0.7039
29.0562 28.5455 0.7058
29.7978 28.5455 0.7078
30.5393 28.5455 0.7102
31.2809 28.5455 0.7129
32.0225 28.5455 0.7161
32.7640 28.5455 0.7200
33.5056 28.5455 0.7245
34.2472 28.5455 0.7299
34.9888 28.5455 0.7362
35.7303 28.5455 0.7437
36.4719 28.5455 0.7523
37.2135 28.5455 0.7622
37.9551 28.5455 0.7730
38.6966 28.5455 0.7846
39.4382 28.5455 0.7965
40.1798 28.5455 0.8083
40.9213 28.5455 0.8193
41.6629 28.5455 0.8293
42.4045 28.5455 0.8377
43.1461 28.5455 0.8445
43.8876 28.5455 0.8494
44.6292 28.5455 0.8522
45.3708 28.5455 0.8529
46.1124 28.5455 0.8514
46.8539 28.5455 0.8476
47.5955 28.5455 0.8415
48.3371 28.5455 0.8331
49.0787 28.5455 0.8225
49.8202 28.5455 0.8102
50.5618 28.5455 0.7966
51.3034 28.5455 0.7823
52.0449 28.5455 0.7681
52.7865 28.5455 0.7549
53.5281 28.5455 0.7431
54.2697 28.5455 0.7331
55.0112 28.5455 0.7252
55.7528 28.5455 0.7192
56.4944 28.5455 0.7150
57.2360 28.5455 0.7122
57.9775 28.5455 0.7108
58.7191 28.5455 0.7104
59.4607 28.5455 0.7107
60.2022 28.5455 0.7116
60.9438 28.5455 0.7129
61.6854 28.5455 0.7141
62.4270 28.5455 0.7150
63.1685 28.5455 0.7151
63.9101 28.5455 0.7140
64.6517 28.5455 0.7111
65.3933 28.5455 0.7057
66.1348 28.5455 0.6972
66.8764 28.5455 0.6849
67.6180 28.5455 0.6681
68.3596 28.5455 0.6460
69.1011 28.5455 0.6181
69.8427 28.5455 0.5838
70.5843 28.5455 0.5424
71.3258 28.5455 0.4937
72.0674 28.5455 0.4371
72.8090 28.5455 0.3724
73.5506 28.5455 0.2993
74.2921 28.5455 0.2178
75.0337 28.5455 0.1281
75.7753 28.5455 0.0306
76.5169 28.5455 0.0000
77.2584 28.5455 0.0000
78.0000 28.5455 0.0000

12.0000 29.2727 0.0000
12.7416 29.2727 0.0000
13.4831 29.2727 0.0000
14.2247 29.2727 0.0816
14.9663 29.2727 0.1750
15.7079 29.2727 0.2611
16.4494 29.2727 0.3396
17.1910 29.2727 0.4104
17.9326 29.2727 0.4733
18.6742 29.2727 0.5286
19.4157 29.2727 0.5764
20.1573 29.2727 0.6170
20.8989 29.2727 0.6508
21.6404 29.2727 0.6784
22.3820 29.2727 0.7003
23.1236 29.2727 0.7173
23.8652 29.2727 0.7299
24.6067 29.2727 0.7391
25.3483 29.2727 0.7456
26.0899 29.2727 0.7501
26.8315 29.2727 0.7533
27.5730 29.2727 0.7557
28.3146 29.2727 0.7576
29.0562 29.2727 0.7595
29.7978 29.2727 0.7615
30.5393 29.2727 0.7638
31.2809 29.2727 0.7664
32.0225 29.2727 0.7695
32.7640 29.2727 0.7732
33.5056 29.2727 0.7774
34.2472 29.2727 0.7824
34.9888 29.2727 0.7883
35.7303 29.2727 0.7951
36.4719 29.2727 0.8030
37.2135 29.2727 0.8118
37.9551 29.2727 0.8215
38.6966 29.2727 0.8317
39.4382 29.2727 0.8421
40.1798 29.2727 0.8523
40.9213 29.2727 0.8618
41.6629 29.2727 0.8703
42.4045 29.2727 0.8775
43.1461 29.2727 0.8832
43.8876 29.2727 0.8872
44.6292 29.2727 0.8895
45.3708 29.2727 0.8900
46.1124 29.2727 0.8886
46.8539 29.2727 0.8853
47.5955 29.2727 0.8800
48.3371 29.2727 0.8728
49.0787 29.2727 0.8637
49.8202 29.2727 0.8531
50.5618 29.2727 0.8413
51.3034 29.2727 0.8290
52.0449 29.2727 0.8167
52.7865 29.2727 0.8051
53.5281 29.2727 0.7948
54.2697 29.2727 0.7859
55.0112 29.2727 0.7787
55.7528 29.2727 0.7732
56.4944 29.2727 0.7691
57.2360 29.2727 0.7663
57.9775 29.2727 0.7647
58.7191 29.2727 0.7640
59.4607 29.2727 0.7640
60.2022 29.2727 0.7646
60.9438 29.2727 0.7654
61.6854 29.2727 0.7663
62.4270 29.2727 0.7670
63.1685 29.2727 0.7669
63.9101 29.2727 0.7657
64.6517 29.2727 0.7627
65.3933 29.2727 0.7574
66.1348 29.2727 0.7490
66.8764 29.2727 0.7368
67.6180 29.2727 0.7202
68.3596 29.2727 0.6983
69.1011 29.2727 0.6706
69.8427 29.2727 0.6364
70.5843 29.2727 0.5951
71.3258 29.2727 0.5462
72.0674 29.2727 0.4893
72.8090 29.2727 0.4241
73.5506 29.2727 0.3502
74.2921 29.2727 0.2676
75.0337 29.2727 0.1765
75.7753 29.2727 0.0774
76.5169 29.2727 0.0000
77.2584 29.2727 0.0000
78.0000 29.2727 0.0000

12.0000 30.0000 0.0000
12.7416 30.0000 0.0000
13.4831 30.0000 0.0215
14.2247 30.0000 0.1229
14.9663 30.0000 0.2175
15.7079 30.0000 0.3045
16.4494 30.0000 0.3837
17.1910 30.0000 0.4549
17.9326 30.0000 0.5181
18.6742 30.0000 0.5736
19.4157 30.0000 0.6215
20.1573 30.0000 0.6622
20.8989 30.0000 0.6962
21.6404 30.0000 0.7239
22.3820 30.0000 0.7460
23.1236 30.0000 0.7631
23.8652 30.0000 0.7759
24.6067 30.0000 0.7853
25.3483 30.0000 0.7920
26.0899 30.0000 0.7966
26.8315 30.0000 0.7999
27.5730 30.0000 0.8024
28.3146 30.0000 0.8044
29.0562 30.0000 0.8063
29.7978 30.0000 0.8083
30.5393 30.0000 0.8106
31.2809 30.0000 0.8131
32.0225 30.0000 0.8160
32.7640 30.0000 0.8194
33.5056 30.0000 0.8234
34.2472 30.0000 0.8280
34.9888 30.0000 0.8333
35.7303 30.0000 0.8394
36.4719 30.0000 0.8464
37.2135 30.0000 0.8542
37.9551 30.0000 0.8626
38.6966 30.0000 0.8715
39.4382 30.0000 0.8804
40.1798 30.0000 0.8891
40.9213 30.0000 0.8972
41.6629 30.0000 0.9044
42.4045 30.0000 0.9104
43.1461 30.0000 0.9152
43.8876 30.0000 0.9185
44.6292 30.0000 0.9203
45.3708 30.0000 0.9207
46.1124 30.0000 0.9194
46.8539 30.0000 0.9165
47.5955 30.0000 0.9119
48.3371 30.0000 0.9057
49.0787 30.0000 0.8980
49.8202 30.0000 0.8889
50.5618 30.0000 0.8789
51.3034 30.0000 0.8683
52.0449 30.0000 0.8578
52.7865 30.0000 0.8478
53.5281 30.0000 0.8388
54.2697 30.0000 0.8310
55.0112 30.0000 0.8245
55.7528 30.0000 0.8194
56.4944 30.0000 0.8155
57.2360 30.0000 0.8128
57.9775 30.0000 0.8110
58.7191 30.0000 0.8100
59.4607 30.0000 0.8097
60.2022 30.0000 0.8099
60.9438 30.0000 0.8104
61.6854 30.0000 0.8109
62.4270 30.0000 0.8113
63.1685 30.0000 0.8109
63.9101 30.0000 0.8095
64.6517 30.0000 0.8064
65.3933 30.0000 0.8010
66.1348 30.0000 0.7927
66.8764 30.0000 0.7806
67.6180 30.0000 0.7641
68.3596 30.0000 0.7425
69.1011 30.0000 0.7150
69.8427 30.0000 0.6810
70.5843 30.0000 0.6398
71.3258 30.0000 0.5910
72.0674 30.0000 0.5339
72.8090 30.0000 0.4683
73.5506 30.0000 0.3938
74.2921 30.0000 0.3104
75.0337 30.0000 0.2183
75.7753 30.0000 0.1178
76.5169 30.0000 0.0099
77.2584 30.0000 0.0000
78.0000 30.0000 0.0000

12.0000 30.7273 0.0000
12.7416 30.7273 0.0000
13.4831 30.7273 0.0544
14.2247 30.7273 0.1571
14.9663 30.7273 0.2526
15.7079 30.7273 0.3404
16.4494 30.7273 0.4201
17.1910 30.7273 0.4917
17.9326 30.7273 0.5552
18.6742 30.7273 0.6108
19.4157 30.7273 0.6589
20.1573 30.7273 0.6997
20.8989 30.7273 0.7338
21.6404 30.7273 0.7617
22.3820 30.7273 0.7840
23.1236 30.7273 0.8014
23.8652 30.7273 0.8145
24.6067 30.7273 0.8241
25.3483 30.7273 0.8310
26.0899 30.7273 0.8359
26.8315 30.7273 0.8394
27.5730 30.7273 0.8420
28.3146 30.7273 0.8442
29.0562 30.7273 0.8462
29.7978 30.7273 0.8482
30.5393 30.7273 0.8504
31.2809 30.7273 0.8528
32.0225 30.7273 0.8556
32.7640 30.7273 0.8587
33.5056 30.7273 0.8623
34.2472 30.7273 0.8665
34.9888 30.7273 0.8712
35.7303 30.7273 0.8767
36.4719 30.7273 0.8828
37.2135 30.7273 0.8895
37.9551 30.7273 0.8968
38.6966 30.7273 0.9044
39.4382 30.7273 0.9120
40.1798 30.7273 0.9194
40.9213 30.7273 0.9262
41.6629 30.7273 0.9322
42.4045 30.7273 0.9372
43.1461 30.7273 0.9411
43.8876 30.7273 0.9439
44.6292 30.7273 0.9453
45.3708 30.7273 0.9455
46.1124 30.7273 0.9443
46.8539 30.7273 0.9418
47.5955 30.7273 0.9379
48.3371 30.7273 0.9326
49.0787 30.7273 0.9260
49.8202 30.7273 0.9183
50.5618 30.7273 0.9098
51.3034 30.7273 0.9008
52.0449 30.7273 0.8918
52.7865 30.7273 0.8832
53.5281 30.7273 0.8754
54.2697 30.7273 0.8686
55.0112 30.7273 0.8628
55.7528 30.7273 0.8582
56.4944 30.7273 0.8546
57.2360 30.7273 0.8518
57.9775 30.7273 0.8499
58.7191 30.7273 0.8487
59.4607 30.7273 0.8481
60.2022 30.7273 0.8480
60.9438 30.7273 0.8481
61.6854 30.7273 0.8483
62.4270 30.7273 0.8482
63.1685 30.7273 0.8476
63.9101 30.7273 0.8459
64.6517 30.7273 0.8426
65.3933 30.7273 0.8371
66.1348 30.7273 0.8287
66.8764 30.7273 0.8167
67.6180 30.7273 0.8004
68.3596 30.7273 0.7789
69.1011 30.7273 0.7516
69.8427 30.7273 0.7178
70.5843 30.7273 0.6768
71.3258 30.7273 0.6280
72.0674 30.7273 0.5709
72.8090 30.7273 0.5051
73.5506 30.7273 0.4302
74.2921 30.7273 0.3463
75.0337 30.7273 0.2533
75.7753 30.7273 0.1519
76.5169 30.7273 0.0429
77.2584 30.7273 0.0000
78.0000 30.7273 0.0000

12.0000 31.4545 0.0000
12.7416 31.4545 0.0000
13.4831 31.4545 0.0805
14.2247 31.4545 0.1841
14.9663 31.4545 0.2804
15.7079 31.4545 0.3687
16.4494 31.4545 0.4489
17.1910 31.4545 0.5209
17.9326 31.4545 0.5846
18.6742 31.4545 0.6405
19.4157 31.4545 0.6887
20.1573 31.4545 0.7298
20.8989 31.4545 0.7641
21.6404 31.4545 0.7922
22.3820 31.4545 0.8148
23.1236 31.4545 0.8324
23.8652 31.4545 0.8458
24.6067 31.4545 0.8558
25.3483 31.4545 0.8630
26.0899 31.4545 0.8682
26.8315 31.4545 0.8720
27.5730 31.4545 0.8748
28.3146 31.4545 0.8770
29.0562 31.4545 0.8791
29.7978 31.4545 0.8811
30.5393 31.4545 0.8833
31.2809 31.4545 0.8856
32.0225 31.4545 0.8882
32.7640 31.4545 0.8911
33.5056 31.4545 0.8944
34.2472 31.4545 0.8981
34.9888 31.4545 0.9023
35.7303 31.4545 0.9071
36.4719 31.4545 0.9123
37.2135 31.4545 0.9181
37.9551 31.4545 0.9243
38.6966 31.4545 0.9308
39.4382 31.4545 0.9372
40.1798 31.4545 0.9435
40.9213 31.4545 0.9492
41.6629 31.4545 0.9542
42.4045 31.4545 0.9584
43.1461 31.4545 0.9617
43.8876 31.4545 0.9639
44.6292 31.4545 0.9651
45.3708 31.4545 0.9652
46.1124 31.4545 0.9641
46.8539 31.4545 0.9619
47.5955 31.4545 0.9585
48.3371 31.4545 0.9539
49.0787 31.4545 0.9483
49.8202 31.4545 0.9417
50.5618 31.4545 0.9345
51.3034 31.4545 0.9268
52.0449 31.4545 0.9192
52.7865 31.4545 0.9119
53.5281 31.4545 0.9051
54.2697 31.4545 0.8992
55.0112 31.4545 0.8941
55.7528 31.4545 0.8899
56.4944 31.4545 0.8865
57.2360 31.4545 0.8838
57.9775 31.4545 0.8818
58.7191 31.4545 0.8804
59.4607 31.4545 0.8796
60.2022 31.4545 0.8791
60.9438 31.4545 0.8789
61.6854 31.4545 0.8787
62.4270 31.4545 0.8783
63.1685 31.4545 0.8773
63.9101 31.4545 0.8753
64.6517 31.4545 0.8717
65.3933 31.4545 0.8661
66.1348 31.4545 0.8576
66.8764 31.4545 0.8455
67.6180 31.4545 0.8293
68.3596 31.4545 0.8080
69.1011 31.4545 0.7809
69.8427 31.4545 0.7472
70.5843 31.4545 0.7064
71.3258 31.4545 0.6577
72.0674 31.4545 0.6006
72.8090 31.4545 0.5346
73.5506 31.4545 0.4595
74.2921 31.4545 0.3752
75.0337 31.4545 0.2818
75.7753 31.4545 0.1798
76.5169 31.4545 0.0699
77.2584 31.4545 0.0000
78.0000 31.4545 0.0000

12.0000 32.1818 0.0000
12.7416 32.1818 0.0000
13.4831 32.1818 0.1000
14.2247 32.1818 0.2042
14.9663 32.1818 0.3011
15.7079 32.1818 0.3899
16.4494 32.1818 0.4706
17.1910 32.1818 0.5428
17.9326 32.1818 0.6069
18.6742 32.1818 0.6630
19.4157 32.1818 0.7115
20.1573 32.1818 0.7528
20.8989 32.1818 0.7874
21.6404 32.1818 0.8158
22.3820 32.1818 0.8386
23.1236 32.1818 0.8566
23.8652 32.1818 0.8703
24.6067 32.1818 0.8807
25.3483 32.1818 0.8882
26.0899 32.1818 0.8937
26.8315 32.1818 0.8977
27.5730 32.1818 0.9007
28.3146 32.1818 0.9031
29.0562 32.1818 0.9052
29.7978 32.1818 0.9073
30.5393 32.1818 0.9094
31.2809 32.1818 0.9116
32.0225 32.1818 0.9141
32.7640 32.1818 0.9168
33.5056 32.1818 0.9197
34.2472 32.1818 0.9231
34.9888 32.1818 0.9268
35.7303 32.1818 0.9309
36.4719 32.1818 0.9354
37.2135 32.1818 0.9404
37.9551 32.1818 0.9457
38.6966 32.1818 0.9512
39.4382 32.1818 0.9567
40.1798 32.1818 0.9619
40.9213 32.1818 0.9668
41.6629 32.1818 0.9711
42.4045 32.1818 0.9746
43.1461 32.1818 0.9774
43.8876 32.1818 0.9792
44.6292 32.1818 0.9802
45.3708 32.1818 0.9802
46.1124 32.1818 0.9792
46.8539 32.1818 0.9772
47.5955 32.1818 0.9742
48.3371 32.1818 0.9703
49.0787 32.1818 0.9654
49.8202 32.1818 0.9597
50.5618 32.1818 0.9535
51.3034 32.1818 0.9470
52.0449 32.1818 0.9404
52.7865 32.1818 0.9341
53.5281 32.1818 0.9283
54.2697 32.1818 0.9231
55.0112 32.1818 0.9186
55.7528 32.1818 0.9148
56.4944 32.1818 0.9116
57.2360 32.1818 0.9090
57.9775 32.1818 0.9070
58.7191 32.1818 0.9055
59.4607 32.1818 0.9044
60.2022 32.1818 0.9037
60.9438 32.1818 0.9031
61.6854 32.1818 0.9026
62.4270 32.1818 0.9018
63.1685 32.1818 0.9004
63.9101 32.1818 0.8981
64.6517 32.1818 0.8942
65.3933 32.1818 0.8883
66.1348 32.1818 0.8797
66.8764 32.1818 0.8676
67.6180 32.1818 0.8513
68.3596 32.1818 0.8301
69.1011 32.1818 0.8031
69.8427 32.1818 0.7696
70.5843 32.1818 0.7289
71.3258 32.1818 0.6803
72.0674 32.1818 0.6232
72.8090 32.1818 0.5572
73.5506 32.1818 0.4820
74.2921 32.1818 0.3975
75.0337 32.1818 0.3039
75.7753 32.1818 0.2015
76.5169 32.1818 0.0913
77.2584 32.1818 0.0000
78.0000 32.1818 0.0000

12.0000 32.9091 0.0000
12.7416 32.9091 0.0023
13.4831 32.9091 0.1133
14.2247 32.9091 0.2179
14.9663 32.9091 0.3152
15.7079 32.9091 0.4045
16.4494 32.9091 0.4855
17.1910 32.9091 0.5581
17.9326 32.9091 0.6225
18.6742 32.9091 0.6789
19.4157 32.9091 0.7277
20.1573 32.9091 0.7692
20.8989 32.9091 0.8041
21.6404 32.9091 0.8328
22.3820 32.9091 0.8559
23.1236 32.9091 0.8742
23.8652 32.9091 0.8883
24.6067 32.9091 0.8990
25.3483 32.9091 0.9069
26.0899 32.9091 0.9126
26.8315 32.9091 0.9169
27.5730 32.9091 0.9201
28.3146 32.9091 0.9226
29.0562 32.9091 0.9249
29.7978 32.9091 0.9269
30.5393 32.9091 0.9290
31.2809 32.9091 0.9312
32.0225 32.9091 0.9334
32.7640 32.9091 0.9359
33.5056 32.9091 0.9386
34.2472 32.9091 0.9416
34.9888 32.9091 0.9448
35.7303 32.9091 0.9484
36.4719 32.9091 0.9524
37.2135 32.9091 0.9567
37.9551 32.9091 0.9612
38.6966 32.9091 0.9659
39.4382 32.9091 0.9707
40.1798 32.9091 0.9752
40.9213 32.9091 0.9794
41.6629 32.9091 0.9831
42.4045 32.9091 0.9862
43.1461 32.9091 0.9885
43.8876 32.9091 0.9901
44.6292 32.9091 0.9909
45.3708 32.9091 0.9908
46.1124 32.9091 0.9899
46.8539 32.9091 0.9881
47.5955 32.9091 0.9854
48.3371 32.9091 0.9819
49.0787 32.9091 0.9776
49.8202 32.9091 0.9727
50.5618 32.9091 0.9672
51.3034 32.9091 0.9616
52.0449 32.9091 0.9559
52.7865 32.9091 0.9505
53.5281 32.9091 0.9454
54.2697 32.9091 0.9408
55.0112 32.9091 0.9368
55.7528 32.9091 0.9333
56.4944 32.9091 0.9304
57.2360 32.9091 0.9279
57.9775 32.9091 0.9259
58.7191 32.9091 0.9243
59.4607 32.9091 0.9230
60.2022 32.9091 0.9220
60.9438 32.9091 0.9211
61.6854 32.9091 0.9203
62.4270 32.9091 0.9191
63.1685 32.9091 0.9174
63.9101 32.9091 0.9147
64.6517 32.9091 0.9106
65.3933 32.9091 0.9044
66.1348 32.9091 0.8956
66.8764 32.9091 0.8834
67.6180 32.9091 0.8670
68.3596 32.9091 0.8458
69.1011 32.9091 0.8189
69.8427 32.9091 0.7855
70.5843 32.9091 0.7449
71.3258 32.9091 0.6963
72.0674 32.9091 0.6393
72.8090 32.9091 0.5733
73.5506 32.9091 0.4980
74.2921 32.9091 0.4135
75.0337 32.9091 0.3199
75.7753 32.9091 0.2175
76.5169 32.9091 0.1073
77.2584 32.9091 0.0000
78.0000 32.9091 0.0000

12.0000 33.6364 0.0000
12.7416 33.6364 0.0098
13.4831 33.6364 0.1209
14.2247 33.6364 0.2258
14.9663 33.6364 0.3234
15.7079 33.6364 0.4130
16.4494 33.6364 0.4943
17.1910 33.6364 0.5672
17.9326 33.6364 0.6320
18.6742 33.6364 0.6887
19.4157 33.6364 0.7378
20.1573 33.6364 0.7796
20.8989 33.6364 0.8148
21.6404 33.6364 0.8438
22.3820 33.6364 0.8672
23.1236 33.6364 0.8859
23.8652 33.6364 0.9003
24.6067 33.6364 0.9113
25.3483 33.6364 0.9194
26.0899 33.6364 0.9255
26.8315 33.6364 0.9299
27.5730 33.6364 0.9333
28.3146 33.6364 0.9360
29.0562 33.6364 0.9382
29.7978 33.6364 0.9403
30.5393 33.6364 0.9424
31.2809 33.6364 0.9444
32.0225 33.6364 0.9466
32.7640 33.6364 0.9489
33.5056 33.6364 0.9513
34.2472 33.6364 0.9540
34.9888 33.6364 0.9569
35.7303 33.6364 0.9601
36.4719 33.6364 0.9636
37.2135 33.6364 0.9673
37.9551 33.6364 0.9713
38.6966 33.6364 0.9754
39.4382 33.6364 0.9796
40.1798 33.6364 0.9836
40.9213 33.6364 0.9873
41.6629 33.6364 0.9906
42.4045 33.6364 0.9933
43.1461 33.6364 0.9954
43.8876 33.6364 0.9968
44.6292 33.6364 0.9975
45.3708 33.6364 0.9973
46.1124 33.6364 0.9965
46.8539 33.6364 0.9948
47.5955 33.6364 0.9923
48.3371 33.6364 0.9891
49.0787 33.6364 0.9852
49.8202 33.6364 0.9808
50.5618 33.6364 0.9760
51.3034 33.6364 0.9710
52.0449 33.6364 0.9660
52.7865 33.6364 0.9612
53.5281 33.6364 0.9567
54.2697 33.6364 0.9527
55.0112 33.6364 0.9491
55.7528 33.6364 0.9459
56.4944 33.6364 0.9431
57.2360 33.6364 0.9408
57.9775 33.6364 0.9387
58.7191 33.6364 0.9371
59.4607 33.6364 0.9357
60.2022 33.6364 0.9345
60.9438 33.6364 0.9333
61.6854 33.6364 0.9322
62.4270 33.6364 0.9307
63.1685 33.6364 0.9287
63.9101 33.6364 0.9256
64.6517 33.6364 0.9212
65.3933 33.6364 0.9148
66.1348 33.6364 0.9057
66.8764 33.6364 0.8933
67.6180 33.6364 0.8769
68.3596 33.6364 0.8556
69.1011 33.6364 0.8287
69.8427 33.6364 0.7953
70.5843 33.6364 0.7547
71.3258 33.6364 0.7061
72.0674 33.6364 0.6491
72.8090 33.6364 0.5832
73.5506 33.6364 0.5081
74.2921 33.6364 0.4237
75.0337 33.6364 0.3303
75.7753 33.6364 0.2282
76.5169 33.6364 0.1184
77.2584 33.6364 0.0019
78.0000 33.6364 0.0000

12.0000 34.3636 0.0000
12.7416 34.3636 0.0126
13.4831 34.3636 0.1236
14.2247 34.3636 0.2286
14.9663 34.3636 0.3263
15.7079 34.3636 0.4161
16.4494 34.3636 0.4976
17.1910 34.3636 0.5709
17.9326 34.3636 0.6359
18.6742 34.3636 0.6930
19.4157 34.3636 0.7424
20.1573 34.3636 0.7845
20.8989 34.3636 0.8200
21.6404 34.3636 0.8493
22.3820 34.3636 0.8731
23.1236 34.3636 0.8920
23.8652 34.3636 0.9067
24.6067 34.3636 0.9179
25.3483 34.3636 0.9263
26.0899 34.3636 0.9325
26.8315 34.3636 0.9372
27.5730 34.3636 0.9407
28.3146 34.3636 0.9435
29.0562 34.3636 0.9458
29.7978 34.3636 0.9479
30.5393 34.3636 0.9499
31.2809 34.3636 0.9519
32.0225 34.3636 0.9540
32.7640 34.3636 0.9561
33.5056 34.3636 0.9584
34.2472 34.3636 0.9608
34.9888 34.3636 0.9634
35.7303 34.3636 0.9663
36.4719 34.3636 0.9694
37.2135 34.3636 0.9727
37.9551 34.3636 0.9763
38.6966 34.3636 0.9800
39.4382 34.3636 0.9837
40.1798 34.3636 0.9873
40.9213 34.3636 0.9907
41.6629 34.3636 0.9937
42.4045 34.3636 0.9962
43.1461 34.3636 0.9982
43.8876 34.3636 0.9994
44.6292 34.3636 1.0000
45.3708 34.3636 0.9999
46.1124 34.3636 0.9990
46.8539 34.3636 0.9974
47.5955 34.3636 0.9950
48.3371 34.3636 0.9920
49.0787 34.3636 0.9884
49.8202 34.3636 0.9844
50.5618 34.3636 0.9800
51.3034 34.3636 0.9755
52.0449 34.3636 0.9711
52.7865 34.3636 0.9668
53.5281 34.3636 0.9628
54.2697 34.3636 0.9591
55.0112 34.3636 0.9558
55.7528 34.3636 0.9529
56.4944 34.3636 0.9503
57.2360 34.3636 0.9480
57.9775 34.3636 0.9461
58.7191 34.3636 0.9443
59.4607 34.3636 0.9428
60.2022 34.3636 0.9415
60.9438 34.3636 0.9401
61.6854 34.3636 0.9387
62.4270 34.3636 0.9369
63.1685 34.3636 0.9346
63.9101 34.3636 0.9313
64.6517 34.3636 0.9265
65.3933 34.3636 0.9198
66.1348 34.3636 0.9106
66.8764 34.3636 0.8980
67.6180 34.3636 0.8814
68.3596 34.3636 0.8600
69.1011 34.3636 0.8330
69.8427 34.3636 0.7995
70.5843 34.3636 0.7588
71.3258 34.3636 0.7103
72.0674 34.3636 0.6533
72.8090 34.3636 0.5875
73.5506 34.3636 0.5126
74.2921 34.3636 0.4286
75.0337 34.3636 0.3356
75.7753 34.3636 0.2341
76.5169 34.3636 0.1250
77.2584 34.3636 0.0092
78.0000 34.3636 0.0000

12.0000 35.0909 0.0000
12.7416 35.0909 0.0113
13.4831 35.0909 0.1222
14.2247 35.0909 0.2269
14.9663 35.0909 0.3246
15.7079 35.0909 0.4145
16.4494 35.0909 0.4963
17.1910 35.0909 0.5698
17.9326 35.0909 0.6351
18.6742 35.0909 0.6924
19.4157 35.0909 0.7421
20.1573 35.0909 0.7846
20.8989 35.0909 0.8203
21.6404 35.0909 0.8499
22.3820 35.0909 0.8739
23.1236 35.0909 0.8930
23.8652 35.0909 0.9080
24.6067 35.0909 0.9194
25.3483 35.0909 0.9280
26.0899 35.0909 0.9344
26.8315 35.0909 0.9391
27.5730 35.0909 0.9427
28.3146 35.0909 0.9456
29.0562 35.0909 0.9480
29.7978 35.0909 0.9501
30.5393 35.0909 0.9520
31.2809 35.0909 0.9540
32.0225 35.0909 0.9560
32.7640 35.0909 0.9580
33.5056 35.0909 0.9601
34.2472 35.0909 0.9624
34.9888 35.0909 0.9648
35.7303 35.0909 0.9674
36.4719 35.0909 0.9702
37.2135 35.0909 0.9733
37.9551 35.0909 0.9765
38.6966 35.0909 0.9799
39.4382 35.0909 0.9833
40.1798 35.0909 0.9867
40.9213 35.0909 0.9898
41.6629 35.0909 0.9926
42.4045 35.0909 0.9950
43.1461 35.0909 0.9968
43.8876 35.0909 0.9980
44.6292 35.0909 0.9985
45.3708 35.0909 0.9984
46.1124 35.0909 0.9975
46.8539 35.0909 0.9959
47.5955 35.0909 0.9936
48.3371 35.0909 0.9908
49.0787 35.0909 0.9874
49.8202 35.0909 0.9836
50.5618 35.0909 0.9796
51.3034 35.0909 0.9755
52.0449 35.0909 0.9714
52.7865 35.0909 0.9675
53.5281 35.0909 0.9638
54.2697 35.0909 0.9605
55.0112 35.0909 0.9575
55.7528 35.0909 0.9548
56.4944 35.0909 0.9523
57.2360 35.0909 0.9502
57.9775 35.0909 0.9482
58.7191 35.0909 0.9465
59.4607 35.0909 0.9449
60.2022 35.0909 0.9434
60.9438 35.0909 0.9419
61.6854 35.0909 0.9403
62.4270 35.0909 0.9383
63.1685 35.0909 0.9356
63.9101 35.0909 0.9321
64.6517 35.0909 0.9270
65.3933 35.0909 0.9201
66.1348 35.0909 0.9105
66.8764 35.0909 0.8978
67.6180 35.0909 0.8810
68.3596 35.0909 0.8594
69.1011 35.0909 0.8322
69.8427 35.0909 0.7986
70.5843 35.0909 0.7579
71.3258 35.0909 0.7094
72.0674 35.0909 0.6525
72.8090 35.0909 0.5869
73.5506 35.0909 0.5123
74.2921 35.0909 0.4288
75.0337 35.0909 0.3365
75.7753 35.0909 0.2358
76.5169 35.0909 0.1275
77.2584 35.0909 0.0127
78.0000 35.0909 0.0000

12.0000 35.8182 0.0000
12.7416 35.8182 0.0067
13.4831 35.8182 0.1171
14.2247 35.8182 0.2216
14.9663 35.8182 0.3191
15.7079 35.8182 0.4090
16.4494 35.8182 0.4909
17.1910 35.8182 0.5645
17.9326 35.8182 0.6300
18.6742 35.8182 0.6876
19.4157 35.8182 0.7375
20.1573 35.8182 0.7803
20.8989 35.8182 0.8162
21.6404 35.8182 0.8460
22.3820 35.8182 0.8703
23.1236 35.8182 0.8896
23.8652 35.8182 0.9047
24.6067 35.8182 0.9162
25.3483 35.8182 0.9249
26.0899 35.8182 0.9314
26.8315 35.8182 0.9363
27.5730 35.8182 0.9399
28.3146 35.8182 0.9428
29.0562 35.8182 0.9452
29.7978 35.8182 0.9473
30.5393 35.8182 0.9493
31.2809 35.8182 0.9512
32.0225 35.8182 0.9531
32.7640 35.8182 0.9550
33.5056 35.8182 0.9571
34.2472 35.8182 0.9592
34.9888 35.8182 0.9615
35.7303 35.8182 0.9639
36.4719 35.8182 0.9665
37.2135 35.8182 0.9693
37.9551 35.8182 0.9723
38.6966 35.8182 0.9754
39.4382 35.8182 0.9786
40.1798 35.8182 0.9817
40.9213 35.8182 0.9847
41.6629 35.8182 0.9874
42.4045 35.8182 0.9897
43.1461 35.8182 0.9914
43.8876 35.8182 0.9925
44.6292 35.8182 0.9930
45.3708 35.8182 0.9928
46.1124 35.8182 0.9920
46.8539 35.8182 0.9904
47.5955 35.8182 0.9882
48.3371 35.8182 0.9854
49.0787 35.8182 0.9822
49.8202 35.8182 0.9786
50.5618 35.8182 0.9749
51.3034 35.8182 0.9710
52.0449 35.8182 0.9673
52.7865 35.8182 0.9637
53.5281 35.8182 0.9604
54.2697 35.8182 0.9573
55.0112 35.8182 0.9545
55.7528 35.8182 0.9520
56.4944 35.8182 0.9497
57.2360 35.8182 0.9476
57.9775 35.8182 0.9457
58.7191 35.8182 0.9439
59.4607 35.8182 0.9423
60.2022 35.8182 0.9407
60.9438 35.8182 0.9391
61.6854 35.8182 0.9372
62.4270 35.8182 0.9350
63.1685 35.8182 0.9322
63.9101 35.8182 0.9284
64.6517 35.8182 0.9231
65.3933 35.8182 0.9159
66.1348 35.8182 0.9061
66.8764 35.8182 0.8931
67.6180 35.8182 0.8761
68.3596 35.8182 0.8543
69.1011 35.8182 0.8269
69.8427 35.8182 0.7933
70.5843 35.8182 0.7525
71.3258 35.8182 0.7040
72.0674 35.8182 0.6473
72.8090 35.8182 0.5819
73.5506 35.8182 0.5078
74.2921 35.8182 0.4249
75.0337 35.8182 0.3334
75.7753 35.8182 0.2338
76.5169 35.8182 0.1267
77.2584 35.8182 0.0130
78.0000 35.8182 0.0000

12.0000 36.5455 0.0000
12.7416 36.5455 0.0000
13.4831 36.5455 0.1090
14.2247 36.5455 0.2131
14.9663 36.5455 0.3103
15.7079 36.5455 0.4001
16.4494 36.5455 0.4819
17.1910 36.5455 0.5557
17.9326 36.5455 0.6213
18.6742 36.5455 0.6791
19.4157 36.5455 0.7292
20.1573 36.5455 0.7721
20.8989 36.5455 0.8082
21.6404 36.5455 0.8382
22.3820 36.5455 0.8626
23.1236 36.5455 0.8820
23.8652 36.5455 0.8972
24.6067 36.5455 0.9089
25.3483 36.5455 0.9176
26.0899 36.5455 0.9242
26.8315 36.5455 0.9290
27.5730 36.5455 0.9327
28.3146 36.5455 0.9357
29.0562 36.5455 0.9381
29.7978 36.5455 0.9402
30.5393 36.5455 0.9421
31.2809 36.5455 0.9440
32.0225 36.5455 0.9459
32.7640 36.5455 0.9477
33.5056 36.5455 0.9497
34.2472 36.5455 0.9517
34.9888 36.5455 0.9538
35.7303 36.5455 0.9561
36.4719 36.5455 0.9585
37.2135 36.5455 0.9611
37.9551 36.5455 0.9639
38.6966 36.5455 0.9668
39.4382 36.5455 0.9698
40.1798 36.5455 0.9727
40.9213 36.5455 0.9755
41.6629 36.5455 0.9781
42.4045 36.5455 0.9803
43.1461 36.5455 0.9819
43.8876 36.5455 0.9830
44.6292 36.5455 0.9835
45.3708 36.5455 0.9833
46.1124 36.5455 0.9824
46.8539 36.5455 0.9809
47.5955 36.5455 0.9787
48.3371 36.5455 0.9761
49.0787 36.5455 0.9730
49.8202 36.5455 0.9697
50.5618 36.5455 0.9661
51.3034 36.5455 0.9626
52.0449 36.5455 0.9591
52.7865 36.5455 0.9558
53.5281 36.5455 0.9527
54.2697 36.5455 0.9499
55.0112 36.5455 0.9473
55.7528 36.5455 0.9449
56.4944 36.5455 0.9427
57.2360 36.5455 0.9407
57.9775 36.5455 0.9388
58.7191 36.5455 0.9371
59.4607 36.5455 0.9354
60.2022 36.5455 0.9337
60.9438 36.5455 0.9320
61.6854 36.5455 0.9300
62.4270 36.5455 0.9277
63.1685 36.5455 0.9246
63.9101 36.5455 0.9206
64.6517 36.5455 0.9151
65.3933 36.5455 0.9076
66.1348 36.5455 0.8976
66.8764 36.5455 0.8843
67.6180 36.5455 0.8671
68.3596 36.5455 0.8451
69.1011 36.5455 0.8176
69.8427 36.5455 0.7838
70.5843 36.5455 0.7430
71.3258 36.5455 0.6946
72.0674 36.5455 0.6382
72.8090 36.5455 0.5732
73.5506 36.5455 0.4997
74.2921 36.5455 0.4176
75.0337 36.5455 0.3271
75.7753 36.5455 0.2286
76.5169 36.5455 0.1228
77.2584 36.5455 0.0104
78.0000 36.5455 0.0000

12.0000 37.2727 0.0000
12.7416 37.2727 0.0000
13.4831 37.2727 0.0982
14.2247 37.2727 0.2018
14.9663 37.2727 0.2987
15.7079 37.2727 0.3882
16.4494 37.2727 0.4699
17.1910 37.2727 0.5436
17.9326 37.2727 0.6093
18.6742 37.2727 0.6672
19.4157 37.2727 0.7174
20.1573 37.2727 0.7605
20.8989 37.2727 0.7967
21.6404 37.2727 0.8268
22.3820 37.2727 0.8512
23.1236 37.2727 0.8707
23.8652 37.2727 0.8860
24.6067 37.2727 0.8976
25.3483 37.2727 0.9064
26.0899 37.2727 0.9130
26.8315 37.2727 0.9179
27.5730 37.2727 0.9216
28.3146 37.2727 0.9245
29.0562 37.2727 0.9269
29.7978 37.2727 0.9290
30.5393 37.2727 0.9310
31.2809 37.2727 0.9328
32.0225 37.2727 0.9347
32.7640 37.2727 0.9365
33.5056 37.2727 0.9384
34.2472 37.2727 0.9403
34.9888 37.2727 0.9423
35.7303 37.2727 0.9445
36.4719 37.2727 0.9467
37.2135 37.2727 0.9492
37.9551 37.2727 0.9517
38.6966 37.2727 0.9544
39.4382 37.2727 0.9571
40.1798 37.2727 0.9599
40.9213 37.2727 0.9625
41.6629 37.2727 0.9649
42.4045 37.2727 0.9669
43.1461 37.2727 0.9685
43.8876 37.2727 0.9696
44.6292 37.2727 0.9700
45.3708 37.2727 0.9698
46.1124 37.2727 0.9689
46.8539 37.2727 0.9675
47.5955 37.2727 0.9654
48.3371 37.2727 0.9629
49.0787 37.2727 0.9600
49.8202 37.2727 0.9569
50.5618 37.2727 0.9536
51.3034 37.2727 0.9503
52.0449 37.2727 0.9471
52.7865 37.2727 0.9441
53.5281 37.2727 0.9412
54.2697 37.2727 0.9386
55.0112 37.2727 0.9361
55.7528 37.2727 0.9339
56.4944 37.2727 0.9318
57.2360 37.2727 0.9299
57.9775 37.2727 0.9280
58.7191 37.2727 0.9263
59.4607 37.2727 0.9246
60.2022 37.2727 0.9229
60.9438 37.2727 0.9211
61.6854 37.2727 0.9190
62.4270 37.2727 0.9165
63.1685 37.2727 0.9133
63.9101 37.2727 0.9091
64.6517 37.2727 0.9033
65.3933 37.2727 0.8956
66.1348 37.2727 0.8854
66.8764 37.2727 0.8719
67.6180 37.2727 0.8544
68.3596 37.2727 0.8322
69.1011 37.2727 0.8046
69.8427 37.2727 0.7708
70.5843 37.2727 0.7301
71.3258 37.2727 0.6819
72.0674 37.2727 0.6258
72.8090 37.2727 0.5614
73.5506 37.2727 0.4886
74.2921 37.2727 0.4074
75.0337 37.2727 0.3180
75.7753 37.2727 0.2207
76.5169 37.2727 0.1162
77.2584 37.2727 0.0051
78.0000 37.2727 0.0000

12.0000 38.0000 0.0000
12.7416 38.0000 0.0000
13.4831 38.0000 0.0850
14.2247 38.0000 0.1880
14.9663 38.0000 0.2844
15.7079 38.0000 0.3736
16.4494 38.0000 0.4551
17.1910 38.0000 0.5287
17.9326 38.0000 0.5944
18.6742 38.0000 0.6523
19.4157 38.0000 0.7026
20.1573 38.0000 0.7457
20.8989 38.0000 0.7820
21.6404 38.0000 0.8121
22.3820 38.0000 0.8365
23.1236 38.0000 0.8560
23.8652 38.0000 0.8713
24.6067 38.0000 0.8829
25.3483 38.0000 0.8917
26.0899 38.0000 0.8983
26.8315 38.0000 0.9032
27.5730 38.0000 0.9069
28.3146 38.0000 0.9098
29.0562 38.0000 0.9122
29.7978 38.0000 0.9143
30.5393 38.0000 0.9163
31.2809 38.0000 0.9181
32.0225 38.0000 0.9199
32.7640 38.0000 0.9217
33.5056 38.0000 0.9236
34.2472 38.0000 0.9254
34.9888 38.0000 0.9273
35.7303 38.0000 0.9293
36.4719 38.0000 0.9314
37.2135 38.0000 0.9337
37.9551 38.0000 0.9360
38.6966 38.0000 0.9384
39.4382 38.0000 0.9409
40.1798 38.0000 0.9434
40.9213 38.0000 0.9458
41.6629 38.0000 0.9480
42.4045 38.0000 0.9499
43.1461 38.0000 0.9513
43.8876 38.0000 0.9523
44.6292 38.0000 0.9527
45.3708 38.0000 0.9525
46.1124 38.0000 0.9517
46.8539 38.0000 0.9503
47.5955 38.0000 0.9484
48.3371 38.0000 0.9461
49.0787 38.0000 0.9434
49.8202 38.0000 0.9406
50.5618 38.0000 0.9376
51.3034 38.0000 0.9346
52.0449 38.0000 0.9317
52.7865 38.0000 0.9288
53.5281 38.0000 0.9262
54.2697 38.0000 0.9237
55.0112 38.0000 0.9214
55.7528 38.0000 0.9193
56.4944 38.0000 0.9173
57.2360 38.0000 0.9154
57.9775 38.0000 0.9137
58.7191 38.0000 0.9119
59.4607 38.0000 0.9102
60.2022 38.0000 0.9085
60.9438 38.0000 0.9066
61.6854 38.0000 0.9044
62.4270 38.0000 0.9018
63.1685 38.0000 0.8985
63.9101 38.0000 0.8941
64.6517 38.0000 0.8882
65.3933 38.0000 0.8802
66.1348 38.0000 0.8698
66.8764 38.0000 0.8560
67.6180 38.0000 0.8384
68.3596 38.0000 0.8161
69.1011 38.0000 0.7884
69.8427 38.0000 0.7546
70.5843 38.0000 0.7141
71.3258 38.0000 0.6662
72.0674 38.0000 0.6106
72.8090 38.0000 0.5468
73.5506 38.0000 0.4748
74.2921 38.0000 0.3946
75.0337 38.0000 0.3064
75.7753 38.0000 0.2103
76.5169 38.0000 0.1071
77.2584 38.0000 0.0000
78.0000 38.0000 0.0000

12.0000 38.7273 0.0000
12.7416 38.7273 0.0000
13.4831 38.7273 0.0694
14.2247 38.7273 0.1716
14.9663 38.7273 0.2675
15.7079 38.7273 0.3563
16.4494 38.7273 0.4376
17.1910 38.7273 0.5110
17.9326 38.7273 0.5766
18.6742 38.7273 0.6345
19.4157 38.7273 0.6848
20.1573 38.7273 0.7278
20.8989 38.7273 0.7641
21.6404 38.7273 0.7942
22.3820 38.7273 0.8186
23.1236 38.7273 0.8381
23.8652 38.7273 0.8533
24.6067 38.7273 0.8650
25.3483 38.7273 0.8738
26.0899 38.7273 0.8803
26.8315 38.7273 0.8852
27.5730 38.7273 0.8890
28.3146 38.7273 0.8919
29.0562 38.7273 0.8943
29.7978 38.7273 0.8964
30.5393 38.7273 0.8983
31.2809 38.7273 0.9002
32.0225 38.7273 0.9019
32.7640 38.7273 0.9037
33.5056 38.7273 0.9055
34.2472 38.7273 0.9073
34.9888 38.7273 0.9091
35.7303 38.7273 0.9110
36.4719 38.7273 0.9129
37.2135 38.7273 0.9149
37.9551 38.7273 0.9170
38.6966 38.7273 0.9192
39.4382 38.7273 0.9214
40.1798 38.7273 0.9236
40.9213 38.7273 0.9257
41.6629 38.7273 0.9276
42.4045 38.7273 0.9293
43.1461 38.7273 0.9306
43.8876 38.7273 0.9315
44.6292 38.7273 0.9318
45.3708 38.7273 0.9316
46.1124 38.7273 0.9309
46.8539 38.7273 0.9297
47.5955 38.7273 0.9280
48.3371 38.7273 0.9259
49.0787 38.7273 0.9235
49.8202 38.7273 0.9209
50.5618 38.7273 0.9182
51.3034 38.7273 0.9155
52.0449 38.7273 0.9129
52.7865 38.7273 0.9103
53.5281 38.7273 0.9079
54.2697 38.7273 0.9056
55.0112 38.7273 0.9034
55.7528 38.7273 0.9014
56.4944 38.7273 0.8995
57.2360 38.7273 0.8977
57.9775 38.7273 0.8959
58.7191 38.7273 0.8942
59.4607 38.7273 0.8925
60.2022 38.7273 0.8907
60.9438 38.7273 0.8888
61.6854 38.7273 0.8866
62.4270 38.7273 0.8839
63.1685 38.7273 0.8804
63.9101 38.7273 0.8759
64.6517 38.7273 0.8698
65.3933 38.7273 0.8617
66.1348 38.7273 0.8510
66.8764 38.7273 0.8371
67.6180 38.7273 0.8194
68.3596 38.7273 0.7970
69.1011 38.7273 0.7693
69.8427 38.7273 0.7357
70.5843 38.7273 0.6954
71.3258 38.7273 0.6479
72.0674 38.7273 0.5928
72.8090 38.7273 0.5299
73.5506 38.7273 0.4588
74.2921 38.7273 0.3796
75.0337 38.7273 0.2924
75.7753 38.7273 0.1976
76.5169 38.7273 0.0955
77.2584 38.7273 0.0000
78.0000 38.7273 0.0000

12.0000 39.4545 0.0000
12.7416 39.4545 0.0000
13.4831 39.4545 0.0512
14.2247 39.4545 0.1527
14.9663 39.4545 0.2480
15.7079 39.4545 0.3364
16.4494 39.4545 0.4173
17.1910 39.4545 0.4905
17.9326 39.4545 0.5560
18.6742 39.4545 0.6138
19.4157 39.4545 0.6640
20.1573 39.4545 0.7070
20.8989 39.4545 0.7433
21.6404 39.4545 0.7733
22.3820 39.4545 0.7977
23.1236 39.4545 0.8171
23.8652 39.4545 0.8323
24.6067 39.4545 0.8439
25.3483 39.4545 0.8527
26.0899 39.4545 0.8593
26.8315 39.4545 0.8642
27.5730 39.4545 0.8679
28.3146 39.4545 0.8709
29.0562 39.4545 0.8733
29.7978 39.4545 0.8754
30.5393 39.4545 0.8773
31.2809 39.4545 0.8791
32.0225 39.4545 0.8809
32.7640 39.4545 0.8826
33.5056 39.4545 0.8843
34.2472 39.4545 0.8860
34.9888 39.4545 0.8877
35.7303 39.4545 0.8895
36.4719 39.4545 0.8913
37.2135 39.4545 0.8931
37.9551 39.4545 0.8950
38.6966 39.4545 0.8969
39.4382 39.4545 0.8988
40.1798 39.4545 0.9007
40.9213 39.4545 0.9025
41.6629 39.4545 0.9041
42.4045 39.4545 0.9055
43.1461 39.4545 0.9067
43.8876 39.4545 0.9074
44.6292 39.4545 0.9077
45.3708 39.4545 0.9075
46.1124 39.4545 0.9069
46.8539 39.4545 0.9058
47.5955 39.4545 0.9043
48.3371 39.4545 0.9025
49.0787 39.4545 0.9004
49.8202 39.4545 0.8981
50.5618 39.4545 0.8958
51.3034 39.4545 0.8934
52.0449 39.4545 0.8910
52.7865 39.4545 0.8886
53.5281 39.4545 0.8864
54.2697 39.4545 0.8843
55.0112 39.4545 0.8822
55.7528 39.4545 0.8803
56.4944 39.4545 0.8785
57.2360 39.4545 0.8767
57.9775 39.4545 0.8750
58.7191 39.4545 0.8733
59.4607 39.4545 0.8716
60.2022 39.4545 0.8698
60.9438 39.4545 0.8678
61.6854 39.4545 0.8656
62.4270 39.4545 0.8628
63.1685 39.4545 0.8592
63.9101 39.4545 0.8546
64.6517 39.4545 0.8484
65.3933 39.4545 0.8402
66.1348 39.4545 0.8294
66.8764 39.4545 0.8154
67.6180 39.4545 0.7975
68.3596 39.4545 0.7752
69.1011 39.4545 0.7476
69.8427 39.4545 0.7141
70.5843 39.4545 0.6742
71.3258 39.4545 0.6272
72.0674 39.4545 0.5728
72.8090 39.4545 0.5106
73.5506 39.4545 0.4404
74.2921 39.4545 0.3623
75.0337 39.4545 0.2762
75.7753 39.4545 0.1824
76.5169 39.4545 0.0813
77.2584 39.4545 0.0000
78.0000 39.4545 0.0000

12.0000 40.1818 0.0000
12.7416 40.1818 0.0000
13.4831 40.1818 0.0301
14.2247 40.1818 0.1310
14.9663 40.1818 0.2257
15.7079 40.1818 0.3136
16.4494 40.1818 0.3942
17.1910 40.1818 0.4671
17.9326 40.1818 0.5324
18.6742 40.1818 0.5901
19.4157 40.1818 0.6402
20.1573 40.1818 0.6832
20.8989 40.1818 0.7194
21.6404 40.1818 0.7494
22.3820 40.1818 0.7737
23.1236 40.1818 0.7931
23.8652 40.1818 0.8083
24.6067 40.1818 0.8199
25.3483 40.1818 0.8287
26.0899 40.1818 0.8353
26.8315 40.1818 0.8402
27.5730 40.1818 0.8440
28.3146 40.1818 0.8469
29.0562 40.1818 0.8494
29.7978 40.1818 0.8515
30.5393 40.1818 0.8533
31.2809 40.1818 0.8551
32.0225 40.1818 0.8568
32.7640 40.1818 0.8585
33.5056 40.1818 0.8602
34.2472 40.1818 0.8618
34.9888 40.1818 0.8634
35.7303 40.1818 0.8651
36.4719 40.1818 0.8667
37.2135 40.1818 0.8683
37.9551 40.1818 0.8699
38.6966 40.1818 0.8716
39.4382 40.1818 0.8732
40.1798 40.1818 0.8748
40.9213 40.1818 0.8763
41.6629 40.1818 0.8776
42.4045 40.1818 0.8788
43.1461 40.1818 0.8797
43.8876 40.1818 0.8803
44.6292 40.1818 0.8806
45.3708 40.1818 0.8804
46.1124 40.1818 0.8799
46.8539 40.1818 0.8790
47.5955 40.1818 0.8777
48.3371 40.1818 0.8762
49.0787 40.1818 0.8744
49.8202 40.1818 0.8724
50.5618 40.1818 0.8703
51.3034 40.1818 0.8682
52.0449 40.1818 0.8660
52.7865 40.1818 0.8639
53.5281 40.1818 0.8619
54.2697 40.1818 0.8599
55.0112 40.1818 0.8579
55.7528 40.1818 0.8561
56.4944 40.1818 0.8543
57.2360 40.1818 0.8526
57.9775 40.1818 0.8509
58.7191 40.1818 0.8492
59.4607 40.1818 0.8475
60.2022 40.1818 0.8457
60.9438 40.1818 0.8438
61.6854 40.1818 0.8415
62.4270 40.1818 0.8387
63.1685 40.1818 0.8351
63.9101 40.1818 0.8303
64.6517 40.1818 0.8241
65.3933 40.1818 0.8158
66.1348 40.1818 0.8049
66.8764 40.1818 0.7909
67.6180 40.1818 0.7730
68.3596 40.1818 0.7507
69.1011 40.1818 0.7233
69.8427 40.1818 0.6901
70.5843 40.1818 0.6506
71.3258 40.1818 0.6042
72.0674 40.1818 0.5504
72.8090 40.1818 0.4890
73.5506 40.1818 0.4197
74.2921 40.1818 0.3425
75.0337 40.1818 0.2573
75.7753 40.1818 0.1645
76.5169 40.1818 0.0643
77.2584 40.1818 0.0000
78.0000 40.1818 0.0000

12.0000 40.9091 0.0000
12.7416 40.9091 0.0000
13.4831 40.9091 0.0060
14.2247 40.9091 0.1061
14.9663 40.9091 0.2002
15.7079 40.9091 0.2876
16.4494 40.9091 0.3679
17.1910 40.9091 0.4406
17.9326 40.9091 0.5057
18.6742 40.9091 0.5633
19.4157 40.9091 0.6134
20.1573 40.9091 0.6563
20.8989 40.9091 0.6924
21.6404 40.9091 0.7224
22.3820 40.9091 0.7467
23.1236 40.9091 0.7660
23.8652 40.9091 0.7812
24.6067 40.9091 0.7928
25.3483 40.9091 0.8016
26.0899 40.9091 0.8083
26.8315 40.9091 0.8132
27.5730 40.9091 0.8170
28.3146 40.9091 0.8200
29.0562 40.9091 0.8225
29.7978 40.9091 0.8245
30.5393 40.9091 0.8264
31.2809 40.9091 0.8281
32.0225 40.9091 0.8298
32.7640 40.9091 0.8314
33.5056 40.9091 0.8330
34.2472 40.9091 0.8346
34.9888 40.9091 0.8361
35.7303 40.9091 0.8376
36.4719 40.9091 0.8391
37.2135 40.9091 0.8406
37.9551 40.9091 0.8420
38.6966 40.9091 0.8434
39.4382 40.9091 0.8447
40.1798 40.9091 0.8460
40.9213 40.9091 0.8472
41.6629 40.9091 0.8483
42.4045 40.9091 0.8492
43.1461 40.9091 0.8500
43.8876 40.9091 0.8504
44.6292 40.9091 0.8506
45.3708 40.9091 0.8505
46.1124 40.9091 0.8501
46.8539 40.9091 0.8493
47.5955 40.9091 0.8482
48.3371 40.9091 0.8469
49.0787 40.9091 0.8454
49.8202 40.9091 0.8437
50.5618 40.9091 0.8418
51.3034 40.9091 0.8400
52.0449 40.9091 0.8380
52.7865 40.9091 0.8361
53.5281 40.9091 0.8342
54.2697 40.9091 0.8323
55.0112 40.9091 0.8305
55.7528 40.9091 0.8287
56.4944 40.9091 0.8270
57.2360 40.9091 0.8253
57.9775 40.9091 0.8237
58.7191 40.9091 0.8220
59.4607 40.9091 0.8203
60.2022 40.9091 0.8185
60.9438 40.9091 0.8166
61.6854 40.9091 0.8143
62.4270 40.9091 0.8114
63.1685 40.9091 0.8078
63.9101 40.9091 0.8031
64.6517 40.9091 0.7968
65.3933 40.9091 0.7885
66.1348 40.9091 0.7777
66.8764 40.9091 0.7636
67.6180 40.9091 0.7459
68.3596 40.9091 0.7237
69.1011 40.9091 0.6965
69.8427 40.9091 0.6636
70.5843 40.9091 0.6245
71.3258 40.9091 0.5786
72.0674 40.9091 0.5255
72.8090 40.9091 0.4648
73.5506 40.9091 0.3963
74.2921 40.9091 0.3199
75.0337 40.9091 0.2356
75.7753 40.9091 0.1435
76.5169 40.9091 0.0440
77.2584 40.9091 0.0000
78.0000 40.9091 0.0000

12.0000 41.6364 0.0000
12.7416 41.6364 0.0000
13.4831 41.6364 0.0000
14.2247 41.6364 0.0778
14.9663 41.6364 0.1713
15.7079 41.6364 0.2583
16.4494 41.6364 0.3382
17.1910 41.6364 0.4107
17.9326 41.6364 0.4757
18.6742 41.6364 0.5332
19.4157 41.6364 0.5832
20.1573 41.6364 0.6261
20.8989 41.6364 0.6623
21.6404 41.6364 0.6922
22.3820 41.6364 0.7165
23.1236 41.6364 0.7358
23.8652 41.6364 0.7510
24.6067 41.6364 0.7627
25.3483 41.6364 0.7715
26.0899 41.6364 0.7782
26.8315 41.6364 0.7832
27.5730 41.6364 0.7871
28.3146 41.6364 0.7901
29.0562 41.6364 0.7925
29.7978 41.6364 0.7946
30.5393 41.6364 0.7964
31.2809 41.6364 0.7981
32.0225 41.6364 0.7997
32.7640 41.6364 0.8013
33.5056 41.6364 0.8028
34.2472 41.6364 0.8043
34.9888 41.6364 0.8058
35.7303 41.6364 0.8072
36.4719 41.6364 0.8085
37.2135 41.6364 0.8098
37.9551 41.6364 0.8110
38.6966 41.6364 0.8122
39.4382 41.6364 0.8133
40.1798 41.6364 0.8144
40.9213 41.6364 0.8153
41.6629 41.6364 0.8162
42.4045 41.6364 0.8169
43.1461 41.6364 0.8174
43.8876 41.6364 0.8178
44.6292 41.6364 0.8179
45.3708 41.6364 0.8178
46.1124 41.6364 0.8174
46.8539 41.6364 0.8168
47.5955 41.6364 0.8159
48.3371 41.6364 0.8148
49.0787 41.6364 0.8134
49.8202 41.6364 0.8120
50.5618 41.6364 0.8104
51.3034 41.6364 0.8087
52.0449 41.6364 0.8069
52.7865 41.6364 0.8051
53.5281 41.6364 0.8034
54.2697 41.6364 0.8016
55.0112 41.6364 0.7999
55.7528 41.6364 0.7982
56.4944 41.6364 0.7965
57.2360 41.6364 0.7948
57.9775 41.6364 0.7932
58.7191 41.6364 0.7916
59.4607 41.6364 0.7899
60.2022 41.6364 0.7881
60.9438 41.6364 0.7861
61.6854 41.6364 0.7838
62.4270 41.6364 0.7810
63.1685 41.6364 0.7775
63.9101 41.6364 0.7728
64.6517 41.6364 0.7666
65.3933 41.6364 0.7583
66.1348 41.6364 0.7476
66.8764 41.6364 0.7336
67.6180 41.6364 0.7160
68.3596 41.6364 0.6940
69.1011 41.6364 0.6670
69.8427 41.6364 0.6344
70.5843 41.6364 0.5957
71.3258 41.6364 0.5503
72.0674 41.6364 0.4978
72.8090 41.6364 0.4377
73.5506 41.6364 0.3699
74.2921 41.6364 0.2941
75.0337 41.6364 0.2105
75.7753 41.6364 0.1190
76.5169 41.6364 0.0201
77.2584 41.6364 0.0000
78.0000 41.6364 0.0000

12.0000 42.3636 0.0000
12.7416 42.3636 0.0000
13.4831 42.3636 0.0000
14.2247 42.3636 0.0456
14.9663 42.3636 0.1387
15.7079 42.3636 0.2253
16.4494 42.3636 0.3049
17.1910 42.3636 0.3773
17.9326 42.3636 0.4423
18.6742 42.3636 0.4997
19.4157 42.3636 0.5498
20.1573 42.3636 0.5927
20.8989 42.3636 0.6289
21.6404 42.3636 0.6588
22.3820 42.3636 0.6831
23.1236 42.3636 0.7025
23.8652 42.3636 0.7177
24.6067 42.3636 0.7294
25.3483 42.3636 0.7383
26.0899 42.3636 0.7450
26.8315 42.3636 0.7501
27.5730 42.3636 0.7539
28.3146 42.3636 0.7569
29.0562 42.3636 0.7593
29.7978 42.3636 0.7614
30.5393 42.3636 0.7632
31.2809 42.3636 0.7649
32.0225 42.3636 0.7665
32.7640 42.3636 0.7680
33.5056 42.3636 0.7695
34.2472 42.3636 0.7709
34.9888 42.3636 0.7723
35.7303 42.3636 0.7736
36.4719 42.3636 0.7748
37.2135 42.3636 0.7760
37.9551 42.3636 0.7770
38.6966 42.3636 0.7780
39.4382 42.3636 0.7789
40.1798 42.3636 0.7797
40.9213 42.3636 0.7805
41.6629 42.3636 0.7811
42.4045 42.3636 0.7817
43.1461 42.3636 0.7821
43.8876 42.3636 0.7823
44.6292 42.3636 0.7824
45.3708 42.3636 0.7823
46.1124 42.3636 0.7819
46.8539 42.3636 0.7814
47.5955 42.3636 0.7806
48.3371 42.3636 0.7796
49.0787 42.3636 0.7785
49.8202 42.3636 0.7772
50.5618 42.3636 0.7757
51.3034 42.3636 0.7742
52.0449 42.3636 0.7726
52.7865 42.3636 0.7709
53.5281 42.3636 0.7692
54.2697 42.3636 0.7676
55.0112 42.3636 0.7659
55.7528 42.3636 0.7642
56.4944 42.3636 0.7626
57.2360 42.3636 0.7610
57.9775 42.3636 0.7593
58.7191 42.3636 0.7577
59.4607 42.3636 0.7560
60.2022 42.3636 0.7543
60.9438 42.3636 0.7523
61.6854 42.3636 0.7501
62.4270 42.3636 0.7474
63.1685 42.3636 0.7439
63.9101 42.3636 0.7393
64.6517 42.3636 0.7332
65.3933 42.3636 0.7251
66.1348 42.3636 0.7145
66.8764 42.3636 0.7007
67.6180 42.3636 0.6832
68.3596 42.3636 0.6614
69.1011 42.3636 0.6347
69.8427 42.3636 0.6024
70.5843 42.3636 0.5640
71.3258 42.3636 0.5189
72.0674 42.3636 0.4668
72.8090 42.3636 0.4073
73.5506 42.3636 0.3399
74.2921 42.3636 0.2647
75.0337 42.3636 0.1816
75.7753 42.3636 0.0907
76.5169 42.3636 0.0000
77.2584 42.3636 0.0000
78.0000 42.3636 0.0000

12.0000 43.0909 0.0000
12.7416 43.0909 0.0000
13.4831 43.0909 0.0000
14.2247 43.0909 0.0095
14.9663 43.0909 0.1022
15.7079 43.0909 0.1884
16.4494 43.0909 0.2679
17.1910 43.0909 0.3403
17.9326 43.0909 0.4052
18.6742 43.0909 0.4628
19.4157 43.0909 0.5129
20.1573 43.0909 0.5559
20.8989 43.0909 0.5922
21.6404 43.0909 0.6222
22.3820 43.0909 0.6465
23.1236 43.0909 0.6660
23.8652 43.0909 0.6812
24.6067 43.0909 0.6929
25.3483 43.0909 0.7018
26.0899 43.0909 0.7085
26.8315 43.0909 0.7136
27.5730 43.0909 0.7175
28.3146 43.0909 0.7205
29.0562 43.0909 0.7229
29.7978 43.0909 0.7249
30.5393 43.0909 0.7267
31.2809 43.0909 0.7284
32.0225 43.0909 0.7299
32.7640 43.0909 0.7314
33.5056 43.0909 0.7329
34.2472 43.0909 0.7343
34.9888 43.0909 0.7356
35.7303 43.0909 0.7368
36.4719 43.0909 0.7380
37.2135 43.0909 0.7390
37.9551 43.0909 0.7399
38.6966 43.0909 0.7407
39.4382 43.0909 0.7414
40.1798 43.0909 0.7420
40.9213 43.0909 0.7426
41.6629 43.0909 0.7431
42.4045 43.0909 0.7435
43.1461 43.0909 0.7437
43.8876 43.0909 0.7439
44.6292 43.0909 0.7439
45.3708 43.0909 0.7438
46.1124 43.0909 0.7435
46.8539 43.0909 0.7430
47.5955 43.0909 0.7423
48.3371 43.0909 0.7414
49.0787 43.0909 0.7404
49.8202 43.0909 0.7392
50.5618 43.0909 0.7378
51.3034 43.0909 0.7364
52.0449 43.0909 0.7349
52.7865 43.0909 0.7333
53.5281 43.0909 0.7317
54.2697 43.0909 0.7301
55.0112 43.0909 0.7285
55.7528 43.0909 0.7269
56.4944 43.0909 0.7252
57.2360 43.0909 0.7236
57.9775 43.0909 0.7220
58.7191 43.0909 0.7204
59.4607 43.0909 0.7187
60.2022 43.0909 0.7170
60.9438 43.0909 0.7151
61.6854 43.0909 0.7129
62.4270 43.0909 0.7103
63.1685 43.0909 0.7069
63.9101 43.0909 0.7025
64.6517 43.0909 0.6966
65.3933 43.0909 0.6887
66.1348 43.0909 0.6782
66.8764 43.0909 0.6647
67.6180 43.0909 0.6474
68.3596 43.0909 0.6258
69.1011 43.0909 0.5993
69.8427 43.0909 0.5672
70.5843 43.0909 0.5290
71.3258 43.0909 0.4843
72.0674 43.0909 0.4324
72.8090 43.0909 0.3732
73.5506 43.0909 0.3062
74.2921 43.0909 0.2314
75.0337 43.0909 0.1486
75.7753 43.0909 0.0581
76.5169 43.0909 0.0000
77.2584 43.0909 0.0000
78.0000 43.0909 0.0000

12.0000 43.8182 0.0000
12.7416 43.8182 0.0000
13.4831 43.8182 0.0000
14.2247 43.8182 0.0000
14.9663 43.8182 0.0618
15.7079 43.8182 0.1479
16.4494 43.8182 0.2273
17.1910 43.8182 0.2997
17.9326 43.8182 0.3647
18.6742 43.8182 0.4224
19.4157 43.8182 0.4728
20.1573 43.8182 0.5159
20.8989 43.8182 0.5523
21.6404 43.8182 0.5824
22.3820 43.8182 0.6068
23.1236 43.8182 0.6263
23.8652 43.8182 0.6415
24.6067 43.8182 0.6532
25.3483 43.8182 0.6621
26.0899 43.8182 0.6688
26.8315 43.8182 0.6739
27.5730 43.8182 0.6777
28.3146 43.8182 0.6807
29.0562 43.8182 0.6831
29.7978 43.8182 0.6851
30.5393 43.8182 0.6869
31.2809 43.8182 0.6885
32.0225 43.8182 0.6901
32.7640 43.8182 0.6916
33.5056 43.8182 0.6931
34.2472 43.8182 0.6945
34.9888 43.8182 0.6957
35.7303 43.8182 0.6969
36.4719 43.8182 0.6980
37.2135 43.8182 0.6989
37.9551 43.8182 0.6996
38.6966 43.8182 0.7003
39.4382 43.8182 0.7008
40.1798 43.8182 0.7013
40.9213 43.8182 0.7016
41.6629 43.8182 0.7020
42.4045 43.8182 0.7022
43.1461 43.8182 0.7024
43.8876 43.8182 0.7025
44.6292 43.8182 0.7024
45.3708 43.8182 0.7023
46.1124 43.8182 0.7019
46.8539 43.8182 0.7015
47.5955 43.8182 0.7008
48.3371 43.8182 0.7000
49.0787 43.8182 0.6990
49.8202 43.8182 0.6979
50.5618 43.8182 0.6966
51.3034 43.8182 0.6953
52.0449 43.8182 0.6939
52.7865 43.8182 0.6923
53.5281 43.8182 0.6908
54.2697 43.8182 0.6892
55.0112 43.8182 0.6876
55.7528 43.8182 0.6861
56.4944 43.8182 0.6845
57.2360 43.8182 0.6829
57.9775 43.8182 0.6813
58.7191 43.8182 0.6797
59.4607 43.8182 0.6780
60.2022 43.8182 0.6763
60.9438 43.8182 0.6745
61.6854 43.8182 0.6723
62.4270 43.8182 0.6698
63.1685 43.8182 0.6666
63.9101 43.8182 0.6623
64.6517 43.8182 0.6566
65.3933 43.8182 0.6490
66.1348 43.8182 0.6388
66.8764 43.8182 0.6255
67.6180 43.8182 0.6085
68.3596 43.8182 0.5871
69.1011 43.8182 0.5607
69.8427 43.8182 0.5288
70.5843 43.8182 0.4908
71.3258 43.8182 0.4461
72.0674 43.8182 0.3944
72.8090 43.8182 0.3353
73.5506 43.8182 0.2685
74.2921 43.8182 0.1939
75.0337 43.8182 0.1114
75.7753 43.8182 0.0213
76.5169 43.8182 0.0000
77.2584 43.8182 0.0000
78.0000 43.8182 0.0000

12.0000 44.5455 0.0000
12.7416 44.5455 0.0000
13.4831 44.5455 0.0000
14.2247 44.5455 0.0000
14.9663 44.5455 0.0179
15.7079 44.5455 0.1039
16.4494 44.5455 0.1834
17.1910 44.5455 0.2558
17.9326 44.5455 0.3211
18.6742 44.5455 0.3791
19.4157 44.5455 0.4296
20.1573 44.5455 0.4730
20.8989 44.5455 0.5096
21.6404 44.5455 0.5398
22.3820 44.5455 0.5643
23.1236 44.5455 0.5838
23.8652 44.5455 0.5990
24.6067 44.5455 0.6106
25.3483 44.5455 0.6194
26.0899 44.5455 0.6261
26.8315 44.5455 0.6310
27.5730 44.5455 0.6348
28.3146 44.5455 0.6377
29.0562 44.5455 0.6401
29.7978 44.5455 0.6421
30.5393 44.5455 0.6439
31.2809 44.5455 0.6456
32.0225 44.5455 0.6472
32.7640 44.5455 0.6488
33.5056 44.5455 0.6502
34.2472 44.5455 0.6516
34.9888 44.5455 0.6529
35.7303 44.5455 0.6540
36.4719 44.5455 0.6550
37.2135 44.5455 0.6558
37.9551 44.5455 0.6564
38.6966 44.5455 0.6569
39.4382 44.5455 0.6572
40.1798 44.5455 0.6575
40.9213 44.5455 0.6577
41.6629 44.5455 0.6579
42.4045 44.5455 0.6580
43.1461 44.5455 0.6581
43.8876 44.5455 0.6581
44.6292 44.5455 0.6580
45.3708 44.5455 0.6578
46.1124 44.5455 0.6574
46.8539 44.5455 0.6569
47.5955 44.5455 0.6563
48.3371 44.5455 0.6555
49.0787 44.5455 0.6546
49.8202 44.5455 0.6535
50.5618 44.5455 0.6523
51.3034 44.5455 0.6510
52.0449 44.5455 0.6496
52.7865 44.5455 0.6482
53.5281 44.5455 0.6467
54.2697 44.5455 0.6451
55.0112 44.5455 0.6436
55.7528 44.5455 0.6420
56.4944 44.5455 0.6405
57.2360 44.5455 0.6389
57.9775 44.5455 0.6373
58.7191 44.5455 0.6358
59.4607 44.5455 0.6341
60.2022 44.5455 0.6324
60.9438 44.5455 0.6306
61.6854 44.5455 0.6286
62.4270 44.5455 0.6262
63.1685 44.5455 0.6231
63.9101 44.5455 0.6191
64.6517 44.5455 0.6136
65.3933 44.5455 0.6062
66.1348 44.5455 0.5963
66.8764 44.5455 0.5833
67.6180 44.5455 0.5665
68.3596 44.5455 0.5453
69.1011 44.5455 0.5191
69.8427 44.5455 0.4872
70.5843 44.5455 0.4492
71.3258 44.5455 0.4046
72.0674 44.5455 0.3529
72.8090 44.5455 0.2938
73.5506 44.5455 0.2270
74.2921 44.5455 0.1525
75.0337 44.5455 0.0702
75.7753 44.5455 0.0000
76.5169 44.5455 0.0000
77.2584 44.5455 0.0000
78.0000 44.5455 0.0000

12.0000 45.2727 0.0000
12.7416 45.2727 0.0000
13.4831 45.2727 0.0000
14.2247 45.2727 0.0000
14.9663 45.2727 0.0000
15.7079 45.2727 0.0574
16.4494 45.2727 0.1369
17.1910 45.2727 0.2096
17.9326 45.2727 0.2751
18.6742 45.2727 0.3333
19.4157 45.2727 0.3842
20.1573 45.2727 0.4279
20.8989 45.2727 0.4646
21.6404 45.2727 0.4950
22.3820 45.2727 0.5195
23.1236 45.2727 0.5390
23.8652 45.2727 0.5541
24.6067 45.2727 0.5656
25.3483 45.2727 0.5743
26.0899 45.2727 0.5808
26.8315 45.2727 0.5856
27.5730 45.2727 0.5892
28.3146 45.2727 0.5921
29.0562 45.2727 0.5944
29.7978 45.2727 0.5964
30.5393 45.2727 0.5983
31.2809 45.2727 0.6000
32.0225 45.2727 0.6017
32.7640 45.2727 0.6034
33.5056 45.2727 0.6049
34.2472 45.2727 0.6064
34.9888 45.2727 0.6077
35.7303 45.2727 0.6088
36.4719 45.2727 0.6096
37.2135 45.2727 0.6103
37.9551 45.2727 0.6107
38.6966 45.2727 0.6110
39.4382 45.2727 0.6112
40.1798 45.2727 0.6112
40.9213 45.2727 0.6112
41.6629 45.2727 0.6112
42.4045 45.2727 0.6112
43.1461 45.2727 0.6112
43.8876 45.2727 0.6111
44.6292 45.2727 0.6109
45.3708 45.2727 0.6107
46.1124 45.2727 0.6103
46.8539 45.2727 0.6098
47.5955 45.2727 0.6092
48.3371 45.2727 0.6084
49.0787 45.2727 0.6075
49.8202 45.2727 0.6064
50.5618 45.2727 0.6053
51.3034 45.2727 0.6040
52.0449 45.2727 0.6027
52.7865 45.2727 0.6013
53.5281 45.2727 0.5998
54.2697 45.2727 0.5984
55.0112 45.2727 0.5969
55.7528 45.2727 0.5954
56.4944 45.2727 0.5939
57.2360 45.2727 0.5923
57.9775 45.2727 0.5908
58.7191 45.2727 0.5893
59.4607 45.2727 0.5877
60.2022 45.2727 0.5860
60.9438 45.2727 0.5843
61.6854 45.2727 0.5824
62.4270 45.2727 0.5800
63.1685 45.2727 0.5771
63.9101 45.2727 0.5733
64.6517 45.2727 0.5681
65.3933 45.2727 0.5610
66.1348 45.2727 0.5514
66.8764 45.2727 0.5386
67.6180 45.2727 0.5220
68.3596 45.2727 0.5010
69.1011 45.2727 0.4748
69.8427 45.2727 0.4430
70.5843 45.2727 0.4049
71.3258 45.2727 0.3602
72.0674 45.2727 0.3083
72.8090 45.2727 0.2491
73.5506 45.2727 0.1822
74.2921 45.2727 0.1077
75.0337 45.2727 0.0256
75.7753 45.2727 0.0000
76.5169 45.2727 0.0000
77.2584 45.2727 0.0000
78.0000 45.2727 0.0000

12.0000 46.0000 0.0000
12.7416 46.0000 0.0000
13.4831 46.0000 0.0000
14.2247 46.0000 0.0000
14.9663 46.0000 0.0000
15.7079 46.0000 0.0097
16.4494 46.0000 0.0893
17.1910 46.0000 0.1622
17.9326 46.0000 0.2280
18.6742 46.0000 0.2865
19.4157 46.0000 0.3377
20.1573 46.0000 0.3816
20.8989 46.0000 0.4186
21.6404 46.0000 0.4490
22.3820 46.0000 0.4736
23.1236 46.0000 0.4930
23.8652 46.0000 0.5080
24.6067 46.0000 0.5193
25.3483 46.0000 0.5278
26.0899 46.0000 0.5340
26.8315 46.0000 0.5386
27.5730 46.0000 0.5421
28.3146 46.0000 0.5448
29.0562 46.0000 0.5471
29.7978 46.0000 0.5491
30.5393 46.0000 0.5510
31.2809 46.0000 0.5529
32.0225 46.0000 0.5547
32.7640 46.0000 0.5565
33.5056 46.0000 0.5582
34.2472 46.0000 0.5597
34.9888 46.0000 0.5611
35.7303 46.0000 0.5621
36.4719 46.0000 0.5629
37.2135 46.0000 0.5634
37.9551 46.0000 0.5636
38.6966 46.0000 0.5636
39.4382 46.0000 0.5635
40.1798 46.0000 0.5634
40.9213 46.0000 0.5632
41.6629 46.0000 0.5630
42.4045 46.0000 0.5628
43.1461 46.0000 0.5626
43.8876 46.0000 0.5624
44.6292 46.0000 0.5622
45.3708 46.0000 0.5619
46.1124 46.0000 0.5615
46.8539 46.0000 0.5610
47.5955 46.0000 0.5603
48.3371 46.0000 0.5596
49.0787 46.0000 0.5587
49.8202 46.0000 0.5577
50.5618 46.0000 0.5566
51.3034 46.0000 0.5554
52.0449 46.0000 0.5541
52.7865 46.0000 0.5528
53.5281 46.0000 0.5514
54.2697 46.0000 0.5500
55.0112 46.0000 0.5486
55.7528 46.0000 0.5472
56.4944 46.0000 0.5458
57.2360 46.0000 0.5443
57.9775 46.0000 0.5429
58.7191 46.0000 0.5414
59.4607 46.0000 0.5399
60.2022 46.0000 0.5383
60.9438 46.0000 0.5367
61.6854 46.0000 0.5348
62.4270 46.0000 0.5326
63.1685 46.0000 0.5299
63.9101 46.0000 0.5262
64.6517 46.0000 0.5213
65.3933 46.0000 0.5144
66.1348 46.0000 0.5051
66.8764 46.0000 0.4925
67.6180 46.0000 0.4761
68.3596 46.0000 0.4552
69.1011 46.0000 0.4290
69.8427 46.0000 0.3971
70.5843 46.0000 0.3589
71.3258 46.0000 0.3139
72.0674 46.0000 0.2618
72.8090 46.0000 0.2023
73.5506 46.0000 0.1352
74.2921 46.0000 0.0606
75.0337 46.0000 0.0000
75.7753 46.0000 0.0000
76.5169 46.0000 0.0000
77.2584 46.0000 0.0000
78.0000 46.0000 0.0000

12.0000 46.7273 0.0000
12.7416 46.7273 0.0000
13.4831 46.7273 0.0000
14.2247 46.7273 0.0000
14.9663 46.7273 0.0000
15.7079 46.7273 0.0000
16.4494 46.7273 0.0428
17.1910 46.7273 0.1158
17.9326 46.7273 0.1819
18.6742 46.7273 0.2407
19.4157 46.7273 0.2920
20.1573 46.7273 0.3362
20.8989 46.7273 0.3732
21.6404 46.7273 0.4037
22.3820 46.7273 0.4283
23.1236 46.7273 0.4475
23.8652 46.7273 0.4623
24.6067 46.7273 0.4734
25.3483 46.7273 0.4816
26.0899 46.7273 0.4875
26.8315 46.7273 0.4918
27.5730 46.7273 0.4951
28.3146 46.7273 0.4977
29.0562 46.7273 0.4999
29.7978 46.7273 0.5019
30.5393 46.7273 0.5039
31.2809 46.7273 0.5058
32.0225 46.7273 0.5078
32.7640 46.7273 0.5098
33.5056 46.7273 0.5117
34.2472 46.7273 0.5133
34.9888 46.7273 0.5147
35.7303 46.7273 0.5157
36.4719 46.7273 0.5164
37.2135 46.7273 0.5167
37.9551 46.7273 0.5167
38.6966 46.7273 0.5164
39.4382 46.7273 0.5160
40.1798 46.7273 0.5156
40.9213 46.7273 0.5151
41.6629 46.7273 0.5147
42.4045 46.7273 0.5143
43.1461 46.7273 0.5140
43.8876 46.7273 0.5137
44.6292 46.7273 0.5134
45.3708 46.7273 0.5131
46.1124 46.7273 0.5126
46.8539 46.7273 0.5121
47.5955 46.7273 0.5115
48.3371 46.7273 0.5108
49.0787 46.7273 0.5100
49.8202 46.7273 0.5090
50.5618 46.7273 0.5080
51.3034 46.7273 0.5069
52.0449 46.7273 0.5057
52.7865 46.7273 0.5045
53.5281 46.7273 0.5032
54.2697 46.7273 0.5020
55.0112 46.7273 0.5007
55.7528 46.7273 0.4994
56.4944 46.7273 0.4981
57.2360 46.7273 0.4968
57.9775 46.7273 0.4955
58.7191 46.7273 0.4942
59.4607 46.7273 0.4928
60.2022 46.7273 0.4913
60.9438 46.7273 0.4898
61.6854 46.7273 0.4880
62.4270 46.7273 0.4860
63.1685 46.7273 0.4834
63.9101 46.7273 0.4799
64.6517 46.7273 0.4751
65.3933 46.7273 0.4685
66.1348 46.7273 0.4593
66.8764 46.7273 0.4469
67.6180 46.7273 0.4306
68.3596 46.7273 0.4097
69.1011 46.7273 0.3835
69.8427 46.7273 0.3514
70.5843 46.7273 0.3129
71.3258 46.7273 0.2676
72.0674 46.7273 0.2151
72.8090 46.7273 0.1552
73.5506 46.7273 0.0879
74.2921 46.7273 0.0132
75.0337 46.7273 0.0000
75.7753 46.7273 0.0000
76.5169 46.7273 0.0000
77.2584 46.7273 0.0000
78.0000 46.7273 0.0000

12.0000 47.4545 0.0000
12.7416 47.4545 0.0000
13.4831 47.4545 0.0000
14.2247 47.4545 0.0000
14.9663 47.4545 0.0000
15.7079 47.4545 0.0000
16.4494 47.4545 0.0003
17.1910 47.4545 0.0735
17.9326 47.4545 0.1396
18.6742 47.4545 0.1985
19.4157 47.4545 0.2501
20.1573 47.4545 0.2943
20.8989 47.4545 0.3314
21.6404 47.4545 0.3618
22.3820 47.4545 0.3862
23.1236 47.4545 0.4053
23.8652 47.4545 0.4198
24.6067 47.4545 0.4305
25.3483 47.4545 0.4384
26.0899 47.4545 0.4440
26.8315 47.4545 0.4480
27.5730 47.4545 0.4510
28.3146 47.4545 0.4534
29.0562 47.4545 0.4555
29.7978 47.4545 0.4575
30.5393 47.4545 0.4595
31.2809 47.4545 0.4616
32.0225 47.4545 0.4638
32.7640 47.4545 0.4659
33.5056 47.4545 0.4679
34.2472 47.4545 0.4697
34.9888 47.4545 0.4711
35.7303 47.4545 0.4721
36.4719 47.4545 0.4726
37.2135 47.4545 0.4727
37.9551 47.4545 0.4724
38.6966 47.4545 0.4719
39.4382 47.4545 0.4712
40.1798 47.4545 0.4704
40.9213 47.4545 0.4696
41.6629 47.4545 0.4690
42.4045 47.4545 0.4684
43.1461 47.4545 0.4680
43.8876 47.4545 0.4676
44.6292 47.4545 0.4672
45.3708 47.4545 0.4668
46.1124 47.4545 0.4664
46.8539 47.4545 0.4659
47.5955 47.4545 0.4654
48.3371 47.4545 0.4647
49.0787 47.4545 0.4639
49.8202 47.4545 0.4631
50.5618 47.4545 0.4622
51.3034 47.4545 0.4612
52.0449 47.4545 0.4602
52.7865 47.4545 0.4591
53.5281 47.4545 0.4580
54.2697 47.4545 0.4570
55.0112 47.4545 0.4559
55.7528 47.4545 0.4548
56.4944 47.4545 0.4538
57.2360 47.4545 0.4527
57.9775 47.4545 0.4516
58.7191 47.4545 0.4504
59.4607 47.4545 0.4492
60.2022 47.4545 0.4480
60.9438 47.4545 0.4465
61.6854 47.4545 0.4450
62.4270 47.4545 0.4430
63.1685 47.4545 0.4406
63.9101 47.4545 0.4373
64.6517 47.4545 0.4326
65.3933 47.4545 0.4261
66.1348 47.4545 0.4171
66.8764 47.4545 0.4048
67.6180 47.4545 0.3885
68.3596 47.4545 0.3674
69.1011 47.4545 0.3410
69.8427 47.4545 0.3086
70.5843 47.4545 0.2698
71.3258 47.4545 0.2240
72.0674 47.4545 0.1711
72.8090 47.4545 0.1108
73.5506 47.4545 0.0431
74.2921 47.4545 0.0000
75.0337 47.4545 0.0000
75.7753 47.4545 0.0000
76.5169 47.4545 0.0000
77.2584 47.4545 0.0000
78.0000 47.4545 0.0000

12.0000 48.1818 0.0000
12.7416 48.1818 0.0000
13.4831 48.1818 0.0000
14.2247 48.1818 0.0000
14.9663 48.1818 0.0000
15.7079 48.1818 0.0000
16.4494 48.1818 0.0000
17.1910 48.1818 0.0388
17.9326 48.1818 0.1050
18.6742 48.1818 0.1639
19.4157 48.1818 0.2154
20.1573 48.1818 0.2595
20.8989 48.1818 0.2965
21.6404 48.1818 0.3268
22.3820 48.1818 0.3509
23.1236 48.1818 0.3697
23.8652 48.1818 0.3839
24.6067 48.1818 0.3943
25.3483 48.1818 0.4017
26.0899 48.1818 0.4069
26.8315 48.1818 0.4106
27.5730 48.1818 0.4133
28.3146 48.1818 0.4155
29.0562 48.1818 0.4175
29.7978 48.1818 0.4194
30.5393 48.1818 0.4214
31.2809 48.1818 0.4236
32.0225 48.1818 0.4259
32.7640 48.1818 0.4281
33.5056 48.1818 0.4302
34.2472 48.1818 0.4320
34.9888 48.1818 0.4334
35.7303 48.1818 0.4344
36.4719 48.1818 0.4348
37.2135 48.1818 0.4346
37.9551 48.1818 0.4341
38.6966 48.1818 0.4333
39.4382 48.1818 0.4322
40.1798 48.1818 0.4312
40.9213 48.1818 0.4302
41.6629 48.1818 0.4293
42.4045 48.1818 0.4286
43.1461 48.1818 0.4280
43.8876 48.1818 0.4275
44.6292 48.1818 0.4271
45.3708 48.1818 0.4267
46.1124 48.1818 0.4264
46.8539 48.1818 0.4259
47.5955 48.1818 0.4254
48.3371 48.1818 0.4249
49.0787 48.1818 0.4243
49.8202 48.1818 0.4236
50.5618 48.1818 0.4228
51.3034 48.1818 0.4220
52.0449 48.1818 0.4212
52.7865 48.1818 0.4204
53.5281 48.1818 0.4196
54.2697 48.1818 0.4188
55.0112 48.1818 0.4180
55.7528 48.1818 0.4172
56.4944 48.1818 0.4164
57.2360 48.1818 0.4156
57.9775 48.1818 0.4148
58.7191 48.1818 0.4139
59.4607 48.1818 0.4130
60.2022 48.1818 0.4119
60.9438 48.1818 0.4107
61.6854 48.1818 0.4093
62.4270 48.1818 0.4076
63.1685 48.1818 0.4053
63.9101 48.1818 0.4021
64.6517 48.1818 0.3976
65.3933 48.1818 0.3912
66.1348 48.1818 0.3821
66.8764 48.1818 0.3698
67.6180 48.1818 0.3534
68.3596 48.1818 0.3322
69.1011 48.1818 0.3054
69.8427 48.1818 0.2727
70.5843 48.1818 0.2333
71.3258 48.1818 0.1870
72.0674 48.1818 0.1335
72.8090 48.1818 0.0727
73.5506 48.1818 0.0046
74.2921 48.1818 0.0000
75.0337 48.1818 0.0000
75.7753 48.1818 0.0000
76.5169 48.1818 0.0000
77.2584 48.1818 0.0000
78.0000 48.1818 0.0000

12.0000 48.9091 0.0000
12.7416 48.9091 0.0000
13.4831 48.9091 0.0000
14.2247 48.9091 0.0000
14.9663 48.9091 0.0000
15.7079 48.9091 0.0000
16.4494 48.9091 0.0000
17.1910 48.9091 0.0159
17.9326 48.9091 0.0819
18.6742 48.9091 0.1406
19.4157 48.9091 0.1919
20.1573 48.9091 0.2357
20.8989 48.9091 0.2725
21.6404 48.9091 0.3024
22.3820 48.9091 0.3263
23.1236 48.9091 0.3447
23.8652 48.9091 0.3585
24.6067 48.9091 0.3685
25.3483 48.9091 0.3755
26.0899 48.9091 0.3804
26.8315 48.9091 0.3837
27.5730 48.9091 0.3862
28.3146 48.9091 0.3881
29.0562 48.9091 0.3899
29.7978 48.9091 0.3917
30.5393 48.9091 0.3936
31.2809 48.9091 0.3958
32.0225 48.9091 0.3980
32.7640 48.9091 0.4003
33.5056 48.9091 0.4024
34.2472 48.9091 0.4042
34.9888 48.9091 0.4055
35.7303 48.9091 0.4064
36.4719 48.9091 0.4066
37.2135 48.9091 0.4063
37.9551 48.9091 0.4055
38.6966 48.9091 0.4045
39.4382 48.9091 0.4032
40.1798 48.9091 0.4019
40.9213 48.9091 0.4007
41.6629 48.9091 0.3997
42.4045 48.9091 0.3989
43.1461 48.9091 0.3982
43.8876 48.9091 0.3977
44.6292 48.9091 0.3973
45.3708 48.9091 0.3970
46.1124 48.9091 0.3967
46.8539 48.9091 0.3963
47.5955 48.9091 0.3960
48.3371 48.9091 0.3956
49.0787 48.9091 0.3951
49.8202 48.9091 0.3946
50.5618 48.9091 0.3941
51.3034 48.9091 0.3936
52.0449 48.9091 0.3930
52.7865 48.9091 0.3925
53.5281 48.9091 0.3920
54.2697 48.9091 0.3915
55.0112 48.9091 0.3910
55.7528 48.9091 0.3906
56.4944 48.9091 0.3901
57.2360 48.9091 0.3897
57.9775 48.9091 0.3892
58.7191 48.9091 0.3886
59.4607 48.9091 0.3880
60.2022 48.9091 0.3873
60.9438 48.9091 0.3864
61.6854 48.9091 0.3852
62.4270 48.9091 0.3837
63.1685 48.9091 0.3816
63.9101 48.9091 0.3785
64.6517 48.9091 0.3741
65.3933 48.9091 0.3677
66.1348 48.9091 0.3586
66.8764 48.9091 0.3462
67.6180 48.9091 0.3296
68.3596 48.9091 0.3081
69.1011 48.9091 0.2810
69.8427 48.9091 0.2477
70.5843 48.9091 0.2078
71.3258 48.9091 0.1609
72.0674 48.9091 0.1067
72.8090 48.9091 0.0453
73.5506 48.9091 0.0000
74.2921 48.9091 0.0000
75.0337 48.9091 0.0000
75.7753 48.9091 0.0000
76.5169 48.9091 0.0000
77.2584 48.9091 0.0000
78.0000 48.9091 0.0000

12.0000 49.6364 0.0000
12.7416 49.6364 0.0000
13.4831 49.6364 0.0000
14.2247 49.6364 0.0000
14.9663 49.6364 0.0000
15.7079 49.6364 0.0000
16.4494 49.6364 0.0000
17.1910 49.6364 0.0079
17.9326 49.6364 0.0736
18.6742 49.6364 0.1319
19.4157 49.6364 0.1828
20.1573 49.6364 0.2263
20.8989 49.6364 0.2626
21.6404 49.6364 0.2922
22.3820 49.6364 0.3156
23.1236 49.6364 0.3336
23.8652 49.6364 0.3470
24.6067 49.6364 0.3566
25.3483 49.6364 0.3633
26.0899 49.6364 0.3679
26.8315 49.6364 0.3709
27.5730 49.6364 0.3731
28.3146 49.6364 0.3748
29.0562 49.6364 0.3763
29.7978 49.6364 0.3779
30.5393 49.6364 0.3797
31.2809 49.6364 0.3817
32.0225 49.6364 0.3838
32.7640 49.6364 0.3859
33.5056 49.6364 0.3879
34.2472 49.6364 0.3895
34.9888 49.6364 0.3908
35.7303 49.6364 0.3915
36.4719 49.6364 0.3916
37.2135 49.6364 0.3911
37.9551 49.6364 0.3902
38.6966 49.6364 0.3890
39.4382 49.6364 0.3877
40.1798 49.6364 0.3863
40.9213 49.6364 0.3850
41.6629 49.6364 0.3840
42.4045 49.6364 0.3831
43.1461 49.6364 0.3824
43.8876 49.6364 0.3820
44.6292 49.6364 0.3816
45.3708 49.6364 0.3814
46.1124 49.6364 0.3812
46.8539 49.6364 0.3810
47.5955 49.6364 0.3808
48.3371 49.6364 0.3806
49.0787 49.6364 0.3804
49.8202 49.6364 0.3801
50.5618 49.6364 0.3798
51.3034 49.6364 0.3796
52.0449 49.6364 0.3793
52.7865 49.6364 0.3791
53.5281 49.6364 0.3789
54.2697 49.6364 0.3787
55.0112 49.6364 0.3786
55.7528 49.6364 0.3785
56.4944 49.6364 0.3784
57.2360 49.6364 0.3783
57.9775 49.6364 0.3782
58.7191 49.6364 0.3780
59.4607 49.6364 0.3777
60.2022 49.6364 0.3773
60.9438 49.6364 0.3767
61.6854 49.6364 0.3759
62.4270 49.6364 0.3746
63.1685 49.6364 0.3727
63.9101 49.6364 0.3698
64.6517 49.6364 0.3655
65.3933 49.6364 0.3591
66.1348 49.6364 0.3501
66.8764 49.6364 0.3375
67.6180 49.6364 0.3207
68.3596 49.6364 0.2989
69.1011 49.6364 0.2714
69.8427 49.6364 0.2377
70.5843 49.6364 0.1972
71.3258 49.6364 0.1496
72.0674 49.6364 0.0949
72.8090 49.6364 0.0328
73.5506 49.6364 0.0000
74.2921 49.6364 0.0000
75.0337 49.6364 0.0000
75.7753 49.6364 0.0000
76.5169 49.6364 0.0000
77.2584 49.6364 0.0000
78.0000 49.6364 0.0000

12.0000 50.3636 0.0000
12.7416 50.3636 0.0000
13.4831 50.3636 0.0000
14.2247 50.3636 0.0000
14.9663 50.3636 0.0000
15.7079 50.3636 0.0000
16.4494 50.3636 0.0000
17.1910 50.3636 0.0161
17.9326 50.3636 0.0815
18.6742 50.3636 0.1394
19.4157 50.3636 0.1897
20.1573 50.3636 0.2327
20.8989 50.3636 0.2685
21.6404 50.3636 0.2976
22.3820 50.3636 0.3206
23.1236 50.3636 0.3382
23.8652 50.3636 0.3513
24.6067 50.3636 0.3606
25.3483 50.3636 0.3670
26.0899 50.3636 0.3713
26.8315 50.3636 0.3741
27.5730 50.3636 0.3760
28.3146 50.3636 0.3775
29.0562 50.3636 0.3788
29.7978 50.3636 0.3801
30.5393 50.3636 0.3817
31.2809 50.3636 0.3834
32.0225 50.3636 0.3852
32.7640 50.3636 0.3871
33.5056 50.3636 0.3888
34.2472 50.3636 0.3902
34.9888 50.3636 0.3913
35.7303 50.3636 0.3918
36.4719 50.3636 0.3918
37.2135 50.3636 0.3913
37.9551 50.3636 0.3904
38.6966 50.3636 0.3892
39.4382 50.3636 0.3879
40.1798 50.3636 0.3866
40.9213 50.3636 0.3854
41.6629 50.3636 0.3844
42.4045 50.3636 0.3836
43.1461 50.3636 0.3830
43.8876 50.3636 0.3827
44.6292 50.3636 0.3824
45.3708 50.3636 0.3823
46.1124 50.3636 0.3822
46.8539 50.3636 0.3822
47.5955 50.3636 0.3822
48.3371 50.3636 0.3821
49.0787 50.3636 0.3821
49.8202 50.3636 0.3821
50.5618 50.3636 0.3821
51.3034 50.3636 0.3821
52.0449 50.3636 0.3821
52.7865 50.3636 0.3822
53.5281 50.3636 0.3823
54.2697 50.3636 0.3825
55.0112 50.3636 0.3827
55.7528 50.3636 0.3829
56.4944 50.3636 0.3831
57.2360 50.3636 0.3833
57.9775 50.3636 0.3835
58.7191 50.3636 0.3836
59.4607 50.3636 0.3837
60.2022 50.3636 0.3836
60.9438 50.3636 0.3833
61.6854 50.3636 0.3827
62.4270 50.3636 0.3817
63.1685 50.3636 0.3800
63.9101 50.3636 0.3774
64.6517 50.3636 0.3732
65.3933 50.3636 0.3669
66.1348 50.3636 0.3579
66.8764 50.3636 0.3453
67.6180 50.3636 0.3284
68.3596 50.3636 0.3064
69.1011 50.3636 0.2786
69.8427 50.3636 0.2445
70.5843 50.3636 0.2035
71.3258 50.3636 0.1555
72.0674 50.3636 0.1001
72.8090 50.3636 0.0375
73.5506 50.3636 0.0000
74.2921 50.3636 0.0000
75.0337 50.3636 0.0000
75.7753 50.3636 0.0000
76.5169 50.3636 0.0000
77.2584 50.3636 0.0000
78.0000 50.3636 0.0000

12.0000 51.0909 0.0000
12.7416 51.0909 0.0000
13.4831 51.0909 0.0000
14.2247 51.0909 0.0000
14.9663 51.0909 0.0000
15.7079 51.0909 0.0000
16.4494 51.0909 0.0000
17.1910 51.0909 0.0397
17.9326 51.0909 0.1046
18.6742 51.0909 0.1619
19.4157 51.0909 0.2117
20.1573 51.0909 0.2541
20.8989 51.0909 0.2894
21.6404 51.0909 0.3181
22.3820 51.0909 0.3407
23.1236 51.0909 0.3580
23.8652 51.0909 0.3708
24.6067 51.0909 0.3799
25.3483 51.0909 0.3861
26.0899 51.0909 0.3902
26.8315 51.0909 0.3928
27.5730 51.0909 0.3946
28.3146 51.0909 0.3958
29.0562 51.0909 0.3969
29.7978 51.0909 0.3980
30.5393 51.0909 0.3993
31.2809 51.0909 0.4007
32.0225 51.0909 0.4021
32.7640 51.0909 0.4036
33.5056 51.0909 0.4050
34.2472 51.0909 0.4062
34.9888 51.0909 0.4070
35.7303 51.0909 0.4074
36.4719 51.0909 0.4074
37.2135 51.0909 0.4069
37.9551 51.0909 0.4061
38.6966 51.0909 0.4051
39.4382 51.0909 0.4039
40.1798 51.0909 0.4028
40.9213 51.0909 0.4017
41.6629 51.0909 0.4009
42.4045 51.0909 0.4003
43.1461 51.0909 0.3998
43.8876 51.0909 0.3996
44.6292 51.0909 0.3995
45.3708 51.0909 0.3995
46.1124 51.0909 0.3995
46.8539 51.0909 0.3996
47.5955 51.0909 0.3997
48.3371 51.0909 0.3999
49.0787 51.0909 0.4001
49.8202 51.0909 0.4003
50.5618 51.0909 0.4005
51.3034 51.0909 0.4007
52.0449 51.0909 0.4010
52.7865 51.0909 0.4013
53.5281 51.0909 0.4017
54.2697 51.0909 0.4021
55.0112 51.0909 0.4025
55.7528 51.0909 0.4030
56.4944 51.0909 0.4034
57.2360 51.0909 0.4039
57.9775 51.0909 0.4043
58.7191 51.0909 0.4047
59.4607 51.0909 0.4049
60.2022 51.0909 0.4051
60.9438 51.0909 0.4051
61.6854 51.0909 0.4048
62.4270 51.0909 0.4040
63.1685 51.0909 0.4026
63.9101 51.0909 0.4001
64.6517 51.0909 0.3962
65.3933 51.0909 0.3901
66.1348 51.0909 0.3811
66.8764 51.0909 0.3686
67.6180 51.0909 0.3517
68.3596 51.0909 0.3296
69.1011 51.0909 0.3017
69.8427 51.0909 0.2674
70.5843 51.0909 0.2262
71.3258 51.0909 0.1778
72.0674 51.0909 0.1221
72.8090 51.0909 0.0591
73.5506 51.0909 0.0000
74.2921 51.0909 0.0000
75.0337 51.0909 0.0000
75.7753 51.0909 0.0000
76.5169 51.0909 0.0000
77.2584 51.0909 0.0000
78.0000 51.0909 0.0000

12.0000 51.8182 0.0000
12.7416 51.8182 0.0000
13.4831 51.8182 0.0000
14.2247 51.8182 0.0000
14.9663 51.8182 0.0000
15.7079 51.8182 0.0000
16.4494 51.8182 0.0036
17.1910 51.8182 0.0756
17.9326 51.8182 0.1400
18.6742 51.8182 0.1968
19.4157 51.8182 0.2460
20.1573 51.8182 0.2878
20.8989 51.8182 0.3226
21.6404 51.8182 0.3508
22.3820 51.8182 0.3731
23.1236 51.8182 0.3902
23.8652 51.8182 0.4028
24.6067 51.8182 0.4118
25.3483 51.8182 0.4179
26.0899 51.8182 0.4219
26.8315 51.8182 0.4245
27.5730 51.8182 0.4261
28.3146 51.8182 0.4273
29.0562 51.8182 0.4282
29.7978 51.8182 0.4290
30.5393 51.8182 0.4300
31.2809 51.8182 0.4311
32.0225 51.8182 0.4322
32.7640 51.8182 0.4334
33.5056 51.8182 0.4344
34.2472 51.8182 0.4353
34.9888 51.8182 0.4359
35.7303 51.8182 0.4362
36.4719 51.8182 0.4362
37.2135 51.8182 0.4358
37.9551 51.8182 0.4351
38.6966 51.8182 0.4343
39.4382 51.8182 0.4334
40.1798 51.8182 0.4325
40.9213 51.8182 0.4317
41.6629 51.8182 0.4311
42.4045 51.8182 0.4306
43.1461 51.8182 0.4303
43.8876 51.8182 0.4302
44.6292 51.8182 0.4302
45.3708 51.8182 0.4303
46.1124 51.8182 0.4305
46.8539 51.8182 0.4307
47.5955 51.8182 0.4309
48.3371 51.8182 0.4312
49.0787 51.8182 0.4315
49.8202 51.8182 0.4319
50.5618 51.8182 0.4323
51.3034 51.8182 0.4327
52.0449 51.8182 0.4331
52.7865 51.8182 0.4336
53.5281 51.8182 0.4341
54.2697 51.8182 0.4347
55.0112 51.8182 0.4353
55.7528 51.8182 0.4359
56.4944 51.8182 0.4365
57.2360 51.8182 0.4371
57.9775 51.8182 0.4377
58.7191 51.8182 0.4382
59.4607 51.8182 0.4386
60.2022 51.8182 0.4390
60.9438 51.8182 0.4391
61.6854 51.8182 0.4390
62.4270 51.8182 0.4385
63.1685 51.8182 0.4373
63.9101 51.8182 0.4350
64.6517 51.8182 0.4312
65.3933 51.8182 0.4253
66.1348 51.8182 0.4166
66.8764 51.8182 0.4042
67.6180 51.8182 0.3874
68.3596 51.8182 0.3655
69.1011 51.8182 0.3376
69.8427 51.8182 0.3033
70.5843 51.8182 0.2621
71.3258 51.8182 0.2137
72.0674 51.8182 0.1579
72.8090 51.8182 0.0947
73.5506 51.8182 0.0244
74.2921 51.8182 0.0000
75.0337 51.8182 0.0000
75.7753 51.8182 0.0000
76.5169 51.8182 0.0000
77.2584 51.8182 0.0000
78.0000 51.8182 0.0000

12.0000 52.5455 0.0000
12.7416 52.5455 0.0000
13.4831 52.5455 0.0000
14.2247 52.5455 0.0000
14.9663 52.5455 0.0000
15.7079 52.5455 0.0000
16.4494 52.5455 0.0483
17.1910 52.5455 0.1199
17.9326 52.5455 0.1838
18.6742 52.5455 0.2400
19.4157 52.5455 0.2886
20.1573 52.5455 0.3298
20.8989 52.5455 0.3642
21.6404 52.5455 0.3920
22.3820 52.5455 0.4141
23.1236 52.5455 0.4310
23.8652 52.5455 0.4435
24.6067 52.5455 0.4525
25.3483 52.5455 0.4586
26.0899 52.5455 0.4626
26.8315 52.5455 0.4652
27.5730 52.5455 0.4668
28.3146 52.5455 0.4679
29.0562 52.5455 0.4686
29.7978 52.5455 0.4693
30.5393 52.5455 0.4701
31.2809 52.5455 0.4709
32.0225 52.5455 0.4717
32.7640 52.5455 0.4726
33.5056 52.5455 0.4734
34.2472 52.5455 0.4740
34.9888 52.5455 0.4745
35.7303 52.5455 0.4747
36.4719 52.5455 0.4747
37.2135 52.5455 0.4744
37.9551 52.5455 0.4739
38.6966 52.5455 0.4733
39.4382 52.5455 0.4727
40.1798 52.5455 0.4720
40.9213 52.5455 0.4715
41.6629 52.5455 0.4711
42.4045 52.5455 0.4708
43.1461 52.5455 0.4706
43.8876 52.5455 0.4706
44.6292 52.5455 0.4707
45.3708 52.5455 0.4709
46.1124 52.5455 0.4711
46.8539 52.5455 0.4714
47.5955 52.5455 0.4717
48.3371 52.5455 0.4721
49.0787 52.5455 0.4725
49.8202 52.5455 0.4729
50.5618 52.5455 0.4734
51.3034 52.5455 0.4739
52.0449 52.5455 0.4745
52.7865 52.5455 0.4751
53.5281 52.5455 0.4757
54.2697 52.5455 0.4763
55.0112 52.5455 0.4770
55.7528 52.5455 0.4777
56.4944 52.5455 0.4784
57.2360 52.5455 0.4791
57.9775 52.5455 0.4797
58.7191 52.5455 0.4803
59.4607 52.5455 0.4808
60.2022 52.5455 0.4812
60.9438 52.5455 0.4815
61.6854 52.5455 0.4815
62.4270 52.5455 0.4811
63.1685 52.5455 0.4800
63.9101 52.5455 0.4779
64.6517 52.5455 0.4743
65.3933 52.5455 0.4686
66.1348 52.5455 0.4600
66.8764 52.5455 0.4478
67.6180 52.5455 0.4313
68.3596 52.5455 0.4096
69.1011 52.5455 0.3820
69.8427 52.5455 0.3479
70.5843 52.5455 0.3069
71.3258 52.5455 0.2587
72.0674 52.5455 0.2030
72.8090 52.5455 0.1400
73.5506 52.5455 0.0697
74.2921 52.5455 0.0000
75.0337 52.5455 0.0000
75.7753 52.5455 0.0000
76.5169 52.5455 0.0000
77.2584 52.5455 0.0000
78.0000 52.5455 0.0000

12.0000 53.2727 0.0000
12.7416 53.2727 0.0000
13.4831 53.2727 0.0000
14.2247 53.2727 0.0000
14.9663 53.2727 0.0000
15.7079 53.2727 0.0187
16.4494 53.2727 0.0978
17.1910 53.2727 0.1689
17.9326 53.2727 0.2322
18.6742 53.2727 0.2878
19.4157 53.2727 0.3357
20.1573 53.2727 0.3765
20.8989 53.2727 0.4103
21.6404 53.2727 0.4379
22.3820 53.2727 0.4597
23.1236 53.2727 0.4765
23.8652 53.2727 0.4891
24.6067 53.2727 0.4980
25.3483 53.2727 0.5042
26.0899 53.2727 0.5084
26.8315 53.2727 0.5110
27.5730 53.2727 0.5126
28.3146 53.2727 0.5137
29.0562 53.2727 0.5144
29.7978 53.2727 0.5150
30.5393 53.2727 0.5156
31.2809 53.2727 0.5162
32.0225 53.2727 0.5168
32.7640 53.2727 0.5175
33.5056 53.2727 0.5181
34.2472 53.2727 0.5186
34.9888 53.2727 0.5189
35.7303 53.2727 0.5191
36.4719 53.2727 0.5191
37.2135 53.2727 0.5189
37.9551 53.2727 0.5186
38.6966 53.2727 0.5182
39.4382 53.2727 0.5177
40.1798 53.2727 0.5173
40.9213 53.2727 0.5170
41.6629 53.2727 0.5167
42.4045 53.2727 0.5166
43.1461 53.2727 0.5165
43.8876 53.2727 0.5166
44.6292 53.2727 0.5168
45.3708 53.2727 0.5170
46.1124 53.2727 0.5172
46.8539 53.2727 0.5176
47.5955 53.2727 0.5179
48.3371 53.2727 0.5183
49.0787 53.2727 0.5188
49.8202 53.2727 0.5193
50.5618 53.2727 0.5198
51.3034 53.2727 0.5204
52.0449 53.2727 0.5210
52.7865 53.2727 0.5217
53.5281 53.2727 0.5223
54.2697 53.2727 0.5230
55.0112 53.2727 0.5237
55.7528 53.2727 0.5244
56.4944 53.2727 0.5251
57.2360 53.2727 0.5258
57.9775 53.2727 0.5264
58.7191 53.2727 0.5270
59.4607 53.2727 0.5276
60.2022 53.2727 0.5280
60.9438 53.2727 0.5283
61.6854 53.2727 0.5284
62.4270 53.2727 0.5280
63.1685 53.2727 0.5270
63.9101 53.2727 0.5250
64.6517 53.2727 0.5215
65.3933 53.2727 0.5159
66.1348 53.2727 0.5075
66.8764 53.2727 0.4955
67.6180 53.2727 0.4792
68.3596 53.2727 0.4578
69.1011 53.2727 0.4306
69.8427 53.2727 0.3969
70.5843 53.2727 0.3563
71.3258 53.2727 0.3084
72.0674 53.2727 0.2531
72.8090 53.2727 0.1904
73.5506 53.2727 0.1204
74.2921 53.2727 0.0434
75.0337 53.2727 0.0000
75.7753 53.2727 0.0000
76.5169 53.2727 0.0000
77.2584 53.2727 0.0000
78.0000 53.2727 0.0000

12.0000 54.0000 0.0000
12.7416 54.0000 0.0000
13.4831 54.0000 0.0000
14.2247 54.0000 0.0000
14.9663 54.0000 0.0000
15.7079 54.0000 0.0701
16.4494 54.0000 0.1488
17.1910 54.0000 0.2195
17.9326 54.0000 0.2822
18.6742 54.0000 0.3371
19.4157 54.0000 0.3844
20.1573 54.0000 0.4246
20.8989 54.0000 0.4580
21.6404 54.0000 0.4852
22.3820 54.0000 0.5069
23.1236 54.0000 0.5236
23.8652 54.0000 0.5362
24.6067 54.0000 0.5452
25.3483 54.0000 0.5516
26.0899 54.0000 0.5558
26.8315 54.0000 0.5585
27.5730 54.0000 0.5602
28.3146 54.0000 0.5613
29.0562 54.0000 0.5621
29.7978 54.0000 0.5626
30.5393 54.0000 0.5631
31.2809 54.0000 0.5636
32.0225 54.0000 0.5641
32.7640 54.0000 0.5646
33.5056 54.0000 0.5651
34.2472 54.0000 0.5655
34.9888 54.0000 0.5658
35.7303 54.0000 0.5659
36.4719 54.0000 0.5660
37.2135 54.0000 0.5659
37.9551 54.0000 0.5657
38.6966 54.0000 0.5655
39.4382 54.0000 0.5652
40.1798 54.0000 0.5650
40.9213 54.0000 0.5648
41.6629 54.0000 0.5647
42.4045 54.0000 0.5646
43.1461 54.0000 0.5646
43.8876 54.0000 0.5647
44.6292 54.0000 0.5649
45.3708 54.0000 0.5651
46.1124 54.0000 0.5654
46.8539 54.0000 0.5658
47.5955 54.0000 0.5661
48.3371 54.0000 0.5666
49.0787 54.0000 0.5671
49.8202 54.0000 0.5676
50.5618 54.0000 0.5682
51.3034 54.0000 0.5688
52.0449 54.0000 0.5694
52.7865 54.0000 0.5701
53.5281 54.0000 0.5707
54.2697 54.0000 0.5714
55.0112 54.0000 0.5721
55.7528 54.0000 0.5728
56.4944 54.0000 0.5734
57.2360 54.0000 0.5741
57.9775 54.0000 0.5747
58.7191 54.0000 0.5753
59.4607 54.0000 0.5758
60.2022 54.0000 0.5762
60.9438 54.0000 0.5765
61.6854 54.0000 0.5766
62.4270 54.0000 0.5762
63.1685 54.0000 0.5752
63.9101 54.0000 0.5731
64.6517 54.0000 0.5697
65.3933 54.0000 0.5641
66.1348 54.0000 0.5558
66.8764 54.0000 0.5440
67.6180 54.0000 0.5279
68.3596 54.0000 0.5068
69.1011 54.0000 0.4800
69.8427 54.0000 0.4468
70.5843 54.0000 0.4067
71.3258 54.0000 0.3594
72.0674 54.0000 0.3046
72.8090 54.0000 0.2424
73.5506 54.0000 0.1729
74.2921 54.0000 0.0963
75.0337 54.0000 0.0128
75.7753 54.0000 0.0000
76.5169 54.0000 0.0000
77.2584 54.0000 0.0000
78.0000 54.0000 0.0000

12.0000 54.7273 0.0000
12.7416 54.7273 0.0000
13.4831 54.7273 0.0000
14.2247 54.7273 0.0000
14.9663 54.7273 0.0343
15.7079 54.7273 0.1209
16.4494 54.7273 0.1993
17.1910 54.7273 0.2694
17.9326 54.7273 0.3315
18.6742 54.7273 0.3857
19.4157 54.7273 0.4324
20.1573 54.7273 0.4720
20.8989 54.7273 0.5050
21.6404 54.7273 0.5319
22.3820 54.7273 0.5533
23.1236 54.7273 0.5700
23.8652 54.7273 0.5826
24.6067 54.7273 0.5918
25.3483 54.7273 0.5982
26.0899 54.7273 0.6026
26.8315 54.7273 0.6055
27.5730 54.7273 0.6073
28.3146 54.7273 0.6085
29.0562 54.7273 0.6092
29.7978 54.7273 0.6098
30.5393 54.7273 0.6103
31.2809 54.7273 0.6108
32.0225 54.7273 0.6112
32.7640 54.7273 0.6116
33.5056 54.7273 0.6120
34.2472 54.7273 0.6124
34.9888 54.7273 0.6126
35.7303 54.7273 0.6128
36.4719 54.7273 0.6129
37.2135 54.7273 0.6128
37.9551 54.7273 0.6128
38.6966 54.7273 0.6127
39.4382 54.7273 0.6125
40.1798 54.7273 0.6124
40.9213 54.7273 0.6123
41.6629 54.7273 0.6123
42.4045 54.7273 0.6123
43.1461 54.7273 0.6123
43.8876 54.7273 0.6125
44.6292 54.7273 0.6127
45.3708 54.7273 0.6129
46.1124 54.7273 0.6132
46.8539 54.7273 0.6135
47.5955 54.7273 0.6139
48.3371 54.7273 0.6143
49.0787 54.7273 0.6148
49.8202 54.7273 0.6153
50.5618 54.7273 0.6159
51.3034 54.7273 0.6166
52.0449 54.7273 0.6172
52.7865 54.7273 0.6179
53.5281 54.7273 0.6185
54.2697 54.7273 0.6192
55.0112 54.7273 0.6199
55.7528 54.7273 0.6205
56.4944 54.7273 0.6211
57.2360 54.7273 0.6217
57.9775 54.7273 0.6223
58.7191 54.7273 0.6228
59.4607 54.7273 0.6233
60.2022 54.7273 0.6237
60.9438 54.7273 0.6239
61.6854 54.7273 0.6238
62.4270 54.7273 0.6234
63.1685 54.7273 0.6223
63.9101 54.7273 0.6202
64.6517 54.7273 0.6166
65.3933 54.7273 0.6111
66.1348 54.7273 0.6028
66.8764 54.7273 0.5911
67.6180 54.7273 0.5753
68.3596 54.7273 0.5545
69.1011 54.7273 0.5280
69.8427 54.7273 0.4953
70.5843 54.7273 0.4558
71.3258 54.7273 0.4091
72.0674 54.7273 0.3550
72.8090 54.7273 0.2935
73.5506 54.7273 0.2245
74.2921 54.7273 0.1484
75.0337 54.7273 0.0654
75.7753 54.7273 0.0000
76.5169 54.7273 0.0000
77.2584 54.7273 0.0000
78.0000 54.7273 0.0000

12.0000 55.4545 0.0000
12.7416 55.4545 0.0000
13.4831 55.4545 0.0000
14.2247 55.4545 0.0000
14.9663 55.4545 0.0833
15.7079 55.4545 0.1698
16.4494 55.4545 0.2477
17.1910 55.4545 0.3173
17.9326 55.4545 0.3787
18.6742 55.4545 0.4323
19.4157 55.4545 0.4783
20.1573 55.4545 0.5174
20.8989 55.4545 0.5499
21.6404 55.4545 0.5765
22.3820 55.4545 0.5977
23.1236 55.4545 0.6143
23.8652 55.4545 0.6269
24.6067 55.4545 0.6361
25.3483 55.4545 0.6427
26.0899 55.4545 0.6473
26.8315 55.4545 0.6503
27.5730 55.4545 0.6523
28.3146 55.4545 0.6535
29.0562 55.4545 0.6544
29.7978 55.4545 0.6550
30.5393 55.4545 0.6555
31.2809 55.4545 0.6560
32.0225 55.4545 0.6564
32.7640 55.4545 0.6568
33.5056 55.4545 0.6572
34.2472 55.4545 0.6575
34.9888 55.4545 0.6577
35.7303 55.4545 0.6579
36.4719 55.4545 0.6580
37.2135 55.4545 0.6581
37.9551 55.4545 0.6581
38.6966 55.4545 0.6580
39.4382 55.4545 0.6580
40.1798 55.4545 0.6580
40.9213 55.4545 0.6579
41.6629 55.4545 0.6579
42.4045 55.4545 0.6580
43.1461 55.4545 0.6581
43.8876 55.4545 0.6582
44.6292 55.4545 0.6584
45.3708 55.4545 0.6586
46.1124 55.4545 0.6589
46.8539 55.4545 0.6592
47.5955 55.4545 0.6596
48.3371 55.4545 0.6600
49.0787 55.4545 0.6605
49.8202 55.4545 0.6611
50.5618 55.4545 0.6617
51.3034 55.4545 0.6623
52.0449 55.4545 0.6629
52.7865 55.4545 0.6636
53.5281 55.4545 0.6643
54.2697 55.4545 0.6649
55.0112 55.4545 0.6655
55.7528 55.4545 0.6661
56.4944 55.4545 0.6667
57.2360 55.4545 0.6673
57.9775 55.4545 0.6678
58.7191 55.4545 0.6682
59.4607 55.4545 0.6686
60.2022 55.4545 0.6689
60.9438 55.4545 0.6690
61.6854 55.4545 0.6688
62.4270 55.4545 0.6683
63.1685 55.4545 0.6670
63.9101 55.4545 0.6648
64.6517 55.4545 0.6611
65.3933 55.4545 0.6555
66.1348 55.4545 0.6472
66.8764 55.4545 0.6356
67.6180 55.4545 0.6199
68.3596 55.4545 0.5994
69.1011 55.4545 0.5733
69.8427 55.4545 0.5411
70.5843 55.4545 0.5022
71.3258 55.4545 0.4562
72.0674 55.4545 0.4028
72.8090 55.4545 0.3420
73.5506 55.4545 0.2737
74.2921 55.4545 0.1982
75.0337 55.4545 0.1156
75.7753 55.4545 0.0264
76.5169 55.4545 0.0000
77.2584 55.4545 0.0000
78.0000 55.4545 0.0000

12.0000 56.1818 0.0000
12.7416 56.1818 0.0000
13.4831 56.1818 0.0000
14.2247 56.1818 0.0349
14.9663 56.1818 0.1296
15.7079 56.1818 0.2158
16.4494 56.1818 0.2933
17.1910 56.1818 0.3623
17.9326 56.1818 0.4231
18.6742 56.1818 0.4760
19.4157 56.1818 0.5214
20.1573 56.1818 0.5599
20.8989 56.1818 0.5919
21.6404 56.1818 0.6182
22.3820 56.1818 0.6392
23.1236 56.1818 0.6557
23.8652 56.1818 0.6683
24.6067 56.1818 0.6776
25.3483 56.1818 0.6843
26.0899 56.1818 0.6890
26.8315 56.1818 0.6922
27.5730 56.1818 0.6943
28.3146 56.1818 0.6957
29.0562 56.1818 0.6966
29.7978 56.1818 0.6973
30.5393 56.1818 0.6979
31.2809 56.1818 0.6984
32.0225 56.1818 0.6988
32.7640 56.1818 0.6992
33.5056 56.1818 0.6996
34.2472 56.1818 0.6999
34.9888 56.1818 0.7002
35.7303 56.1818 0.7004
36.4719 56.1818 0.7005
37.2135 56.1818 0.7006
37.9551 56.1818 0.7007
38.6966 56.1818 0.7007
39.4382 56.1818 0.7007
40.1798 56.1818 0.7007
40.9213 56.1818 0.7007
41.6629 56.1818 0.7008
42.4045 56.1818 0.7008
43.1461 56.1818 0.7009
43.8876 56.1818 0.7011
44.6292 56.1818 0.7012
45.3708 56.1818 0.7014
46.1124 56.1818 0.7017
46.8539 56.1818 0.7020
47.5955 56.1818 0.7024
48.3371 56.1818 0.7028
49.0787 56.1818 0.7033
49.8202 56.1818 0.7039
50.5618 56.1818 0.7045
51.3034 56.1818 0.7051
52.0449 56.1818 0.7058
52.7865 56.1818 0.7065
53.5281 56.1818 0.7071
54.2697 56.1818 0.7077
55.0112 56.1818 0.7083
55.7528 56.1818 0.7089
56.4944 56.1818 0.7094
57.2360 56.1818 0.7099
57.9775 56.1818 0.7103
58.7191 56.1818 0.7107
59.4607 56.1818 0.7110
60.2022 56.1818 0.7112
60.9438 56.1818 0.7111
61.6854 56.1818 0.7108
62.4270 56.1818 0.7101
63.1685 56.1818 0.7087
63.9101 56.1818 0.7062
64.6517 56.1818 0.7024
65.3933 56.1818 0.6966
66.1348 56.1818 0.6883
66.8764 56.1818 0.6767
67.6180 56.1818 0.6612
68.3596 56.1818 0.6409
69.1011 56.1818 0.6152
69.8427 56.1818 0.5835
70.5843 56.1818 0.5452
71.3258 56.1818 0.4999
72.0674 56.1818 0.4473
72.8090 56.1818 0.3872
73.5506 56.1818 0.3196
74.2921 56.1818 0.2447
75.0337 56.1818 0.1627
75.7753 56.1818 0.0738
76.5169 56.1818 0.0000
77.2584 56.1818 0.0000
78.0000 56.1818 0.0000

12.0000 56.9091 0.0000
12.7416 56.9091 0.0000
13.4831 56.9091 0.0000
14.2247 56.9091 0.0779
14.9663 56.9091 0.1726
15.7079 56.9091 0.2584
16.4494 56.9091 0.3355
17.1910 56.9091 0.4040
17.9326 56.9091 0.4642
18.6742 56.9091 0.5164
19.4157 56.9091 0.5612
20.1573 56.9091 0.5992
20.8989 56.9091 0.6308
21.6404 56.9091 0.6568
22.3820 56.9091 0.6776
23.1236 56.9091 0.6939
23.8652 56.9091 0.7065
24.6067 56.9091 0.7159
25.3483 56.9091 0.7226
26.0899 56.9091 0.7274
26.8315 56.9091 0.7307
27.5730 56.9091 0.7330
28.3146 56.9091 0.7345
29.0562 56.9091 0.7355
29.7978 56.9091 0.7363
30.5393 56.9091 0.7370
31.2809 56.9091 0.7375
32.0225 56.9091 0.7380
32.7640 56.9091 0.7384
33.5056 56.9091 0.7388
34.2472 56.9091 0.7392
34.9888 56.9091 0.7394
35.7303 56.9091 0.7397
36.4719 56.9091 0.7399
37.2135 56.9091 0.7400
37.9551 56.9091 0.7401
38.6966 56.9091 0.7402
39.4382 56.9091 0.7402
40.1798 56.9091 0.7402
40.9213 56.9091 0.7403
41.6629 56.9091 0.7403
42.4045 56.9091 0.7404
43.1461 56.9091 0.7405
43.8876 56.9091 0.7406
44.6292 56.9091 0.7408
45.3708 56.9091 0.7410
46.1124 56.9091 0.7412
46.8539 56.9091 0.7415
47.5955 56.9091 0.7419
48.3371 56.9091 0.7423
49.0787 56.9091 0.7429
49.8202 56.9091 0.7434
50.5618 56.9091 0.7441
51.3034 56.9091 0.7447
52.0449 56.9091 0.7454
52.7865 56.9091 0.7460
53.5281 56.9091 0.7467
54.2697 56.9091 0.7473
55.0112 56.9091 0.7478
55.7528 56.9091 0.7483
56.4944 56.9091 0.7488
57.2360 56.9091 0.7492
57.9775 56.9091 0.7496
58.7191 56.9091 0.7499
59.4607 56.9091 0.7501
60.2022 56.9091 0.7501
60.9438 56.9091 0.7499
61.6854 56.9091 0.7495
62.4270 56.9091 0.7485
63.1685 56.9091 0.7469
63.9101 56.9091 0.7443
64.6517 56.9091 0.7403
65.3933 56.9091 0.7343
66.1348 56.9091 0.7259
66.8764 56.9091 0.7143
67.6180 56.9091 0.6989
68.3596 56.9091 0.6788
69.1011 56.9091 0.6535
69.8427 56.9091 0.6223
70.5843 56.9091 0.5846
71.3258 56.9091 0.5399
72.0674 56.9091 0.4880
72.8090 56.9091 0.4286
73.5506 56.9091 0.3618
74.2921 56.9091 0.2875
75.0337 56.9091 0.2061
75.7753 56.9091 0.1176
76.5169 56.9091 0.0224
77.2584 56.9091 0.0000
78.0000 56.9091 0.0000

12.0000 57.6364 0.0000
12.7416 57.6364 0.0000
13.4831 57.6364 0.0144
14.2247 57.6364 0.1175
14.9663 57.6364 0.2120
15.7079 57.6364 0.2976
16.4494 57.6364 0.3742
17.1910 57.6364 0.4422
17.9326 57.6364 0.5017
18.6742 57.6364 0.5534
19.4157 57.6364 0.5977
20.1573 57.6364 0.6352
20.8989 57.6364 0.6664
21.6404 57.6364 0.6921
22.3820 57.6364 0.7127
23.1236 57.6364 0.7289
23.8652 57.6364 0.7414
24.6067 57.6364 0.7508
25.3483 57.6364 0.7576
26.0899 57.6364 0.7625
26.8315 57.6364 0.7659
27.5730 57.6364 0.7683
28.3146 57.6364 0.7699
29.0562 57.6364 0.7711
29.7978 57.6364 0.7719
30.5393 57.6364 0.7726
31.2809 57.6364 0.7733
32.0225 57.6364 0.7738
32.7640 57.6364 0.7743
33.5056 57.6364 0.7747
34.2472 57.6364 0.7751
34.9888 57.6364 0.7754
35.7303 57.6364 0.7757
36.4719 57.6364 0.7759
37.2135 57.6364 0.7761
37.9551 57.6364 0.7762
38.6966 57.6364 0.7763
39.4382 57.6364 0.7764
40.1798 57.6364 0.7764
40.9213 57.6364 0.7765
41.6629 57.6364 0.7766
42.4045 57.6364 0.7766
43.1461 57.6364 0.7767
43.8876 57.6364 0.7768
44.6292 57.6364 0.7770
45.3708 57.6364 0.7771
46.1124 57.6364 0.7774
46.8539 57.6364 0.7777
47.5955 57.6364 0.7781
48.3371 57.6364 0.7785
49.0787 57.6364 0.7790
49.8202 57.6364 0.7796
50.5618 57.6364 0.7803
51.3034 57.6364 0.7809
52.0449 57.6364 0.7816
52.7865 57.6364 0.7822
53.5281 57.6364 0.7829
54.2697 57.6364 0.7834
55.0112 57.6364 0.7839
55.7528 57.6364 0.7844
56.4944 57.6364 0.7848
57.2360 57.6364 0.7852
57.9775 57.6364 0.7855
58.7191 57.6364 0.7857
59.4607 57.6364 0.7857
60.2022 57.6364 0.7856
60.9438 57.6364 0.7853
61.6854 57.6364 0.7846
62.4270 57.6364 0.7835
63.1685 57.6364 0.7817
63.9101 57.6364 0.7789
64.6517 57.6364 0.7747
65.3933 57.6364 0.7686
66.1348 57.6364 0.7601
66.8764 57.6364 0.7485
67.6180 57.6364 0.7331
68.3596 57.6364 0.7132
69.1011 57.6364 0.6882
69.8427 57.6364 0.6574
70.5843 57.6364 0.6202
71.3258 57.6364 0.5762
72.0674 57.6364 0.5249
72.8090 57.6364 0.4663
73.5506 57.6364 0.4001
74.2921 57.6364 0.3265
75.0337 57.6364 0.2455
75.7753 57.6364 0.1574
76.5169 57.6364 0.0624
77.2584 57.6364 0.0000
78.0000 57.6364 0.0000

12.0000 58.3636 0.0000
12.7416 58.3636 0.0000
13.4831 58.3636 0.0502
14.2247 58.3636 0.1533
14.9663 58.3636 0.2477
15.7079 58.3636 0.3330
16.4494 58.3636 0.4092
17.1910 58.3636 0.4767
17.9326 58.3636 0.5358
18.6742 58.3636 0.5870
19.4157 58.3636 0.6308
20.1573 58.3636 0.6679
20.8989 58.3636 0.6988
21.6404 58.3636 0.7242
22.3820 58.3636 0.7446
23.1236 58.3636 0.7607
23.8652 58.3636 0.7732
24.6067 58.3636 0.7825
25.3483 58.3636 0.7894
26.0899 58.3636 0.7944
26.8315 58.3636 0.7978
27.5730 58.3636 0.8003
28.3146 58.3636 0.8020
29.0562 58.3636 0.8033
29.7978 58.3636 0.8042
30.5393 58.3636 0.8050
31.2809 58.3636 0.8057
32.0225 58.3636 0.8063
32.7640 58.3636 0.8069
33.5056 58.3636 0.8074
34.2472 58.3636 0.8078
34.9888 58.3636 0.8081
35.7303 58.3636 0.8084
36.4719 58.3636 0.8087
37.2135 58.3636 0.8089
37.9551 58.3636 0.8091
38.6966 58.3636 0.8092
39.4382 58.3636 0.8093
40.1798 58.3636 0.8094
40.9213 58.3636 0.8094
41.6629 58.3636 0.8095
42.4045 58.3636 0.8095
43.1461 58.3636 0.8096
43.8876 58.3636 0.8097
44.6292 58.3636 0.8098
45.3708 58.3636 0.8100
46.1124 58.3636 0.8102
46.8539 58.3636 0.8105
47.5955 58.3636 0.8109
48.3371 58.3636 0.8114
49.0787 58.3636 0.8119
49.8202 58.3636 0.8125
50.5618 58.3636 0.8132
51.3034 58.3636 0.8139
52.0449 58.3636 0.8145
52.7865 58.3636 0.8151
53.5281 58.3636 0.8157
54.2697 58.3636 0.8162
55.0112 58.3636 0.8167
55.7528 58.3636 0.8171
56.4944 58.3636 0.8175
57.2360 58.3636 0.8178
57.9775 58.3636 0.8180
58.7191 58.3636 0.8180
59.4607 58.3636 0.8180
60.2022 58.3636 0.8177
60.9438 58.3636 0.8173
61.6854 58.3636 0.8164
62.4270 58.3636 0.8151
63.1685 58.3636 0.8131
63.9101 58.3636 0.8101
64.6517 58.3636 0.8057
65.3933 58.3636 0.7995
66.1348 58.3636 0.7909
66.8764 58.3636 0.7792
67.6180 58.3636 0.7639
68.3596 58.3636 0.7441
69.1011 58.3636 0.7194
69.8427 58.3636 0.6889
70.5843 58.3636 0.6522
71.3258 58.3636 0.6087
72.0674 58.3636 0.5581
72.8090 58.3636 0.5001
73.5506 58.3636 0.4345
74.2921 58.3636 0.3614
75.0337 58.3636 0.2809
75.7753 58.3636 0.1930
76.5169 58.3636 0.0981
77.2584 58.3636 0.0000
78.0000 58.3636 0.0000

12.0000 59.0909 0.0000
12.7416 59.0909 0.0000
13.4831 59.0909 0.0823
14.2247 59.0909 0.1854
14.9663 59.0909 0.2795
15.7079 59.0909 0.3646
16.4494 59.0909 0.4405
17.1910 59.0909 0.5076
17.9326 59.0909 0.5663
18.6742 59.0909 0.6171
19.4157 59.0909 0.6606
20.1573 59.0909 0.6974
20.8989 59.0909 0.7280
21.6404 59.0909 0.7532
22.3820 59.0909 0.7735
23.1236 59.0909 0.7895
23.8652 59.0909 0.8019
24.6067 59.0909 0.8112
25.3483 59.0909 0.8181
26.0899 59.0909 0.8231
26.8315 59.0909 0.8267
27.5730 59.0909 0.8292
28.3146 59.0909 0.8310
29.0562 59.0909 0.8323
29.7978 59.0909 0.8334
30.5393 59.0909 0.8342
31.2809 59.0909 0.8350
32.0225 59.0909 0.8357
32.7640 59.0909 0.8363
33.5056 59.0909 0.8368
34.2472 59.0909 0.8373
34.9888 59.0909 0.8377
35.7303 59.0909 0.8381
36.4719 59.0909 0.8384
37.2135 59.0909 0.8386
37.9551 59.0909 0.8388
38.6966 59.0909 0.8390
39.4382 59.0909 0.8391
40.1798 59.0909 0.8392
40.9213 59.0909 0.8392
41.6629 59.0909 0.8393
42.4045 59.0909 0.8393
43.1461 59.0909 0.8394
43.8876 59.0909 0.8395
44.6292 59.0909 0.8396
45.3708 59.0909 0.8397
46.1124 59.0909 0.8399
46.8539 59.0909 0.8402
47.5955 59.0909 0.8406
48.3371 59.0909 0.8411
49.0787 59.0909 0.8417
49.8202 59.0909 0.8423
50.5618 59.0909 0.8429
51.3034 59.0909 0.8436
52.0449 59.0909 0.8442
52.7865 59.0909 0.8448
53.5281 59.0909 0.8453
54.2697 59.0909 0.8458
55.0112 59.0909 0.8462
55.7528 59.0909 0.8466
56.4944 59.0909 0.8468
57.2360 59.0909 0.8470
57.9775 59.0909 0.8471
58.7191 59.0909 0.8471
59.4607 59.0909 0.8469
60.2022 59.0909 0.8465
60.9438 59.0909 0.8459
61.6854 59.0909 0.8449
62.4270 59.0909 0.8435
63.1685 59.0909 0.8413
63.9101 59.0909 0.8381
64.6517 59.0909 0.8336
65.3933 59.0909 0.8272
66.1348 59.0909 0.8185
66.8764 59.0909 0.8068
67.6180 59.0909 0.7914
68.3596 59.0909 0.7718
69.1011 59.0909 0.7472
69.8427 59.0909 0.7170
70.5843 59.0909 0.6807
71.3258 59.0909 0.6377
72.0674 59.0909 0.5876
72.8090 59.0909 0.5301
73.5506 59.0909 0.4650
74.2921 59.0909 0.3923
75.0337 59.0909 0.3121
75.7753 59.0909 0.2244
76.5169 59.0909 0.1296
77.2584 59.0909 0.0280
78.0000 59.0909 0.0000

12.0000 59.8182 0.0000
12.7416 59.8182 0.0000
13.4831 59.8182 0.1103
14.2247 59.8182 0.2134
14.9663 59.8182 0.3074
15.7079 59.8182 0.3923
16.4494 59.8182 0.4680
17.1910 59.8182 0.5348
17.9326 59.8182 0.5933
18.6742 59.8182 0.6439
19.4157 59.8182 0.6872
20.1573 59.8182 0.7237
20.8989 59.8182 0.7542
21.6404 59.8182 0.7792
22.3820 59.8182 0.7994
23.1236 59.8182 0.8153
23.8652 59.8182 0.8277
24.6067 59.8182 0.8370
25.3483 59.8182 0.8439
26.0899 59.8182 0.8489
26.8315 59.8182 0.8525
27.5730 59.8182 0.8551
28.3146 59.8182 0.8570
29.0562 59.8182 0.8584
29.7978 59.8182 0.8595
30.5393 59.8182 0.8605
31.2809 59.8182 0.8613
32.0225 59.8182 0.8620
32.7640 59.8182 0.8627
33.5056 59.8182 0.8633
34.2472 59.8182 0.8639
34.9888 59.8182 0.8643
35.7303 59.8182 0.8647
36.4719 59.8182 0.8651
37.2135 59.8182 0.8654
37.9551 59.8182 0.8656
38.6966 59.8182 0.8658
39.4382 59.8182 0.8659
40.1798 59.8182 0.8660
40.9213 59.8182 0.8660
41.6629 59.8182 0.8661
42.4045 59.8182 0.8661
43.1461 59.8182 0.8662
43.8876 59.8182 0.8662
44.6292 59.8182 0.8663
45.3708 59.8182 0.8664
46.1124 59.8182 0.8666
46.8539 59.8182 0.8669
47.5955 59.8182 0.8673
48.3371 59.8182 0.8678
49.0787 59.8182 0.8683
49.8202 59.8182 0.8689
50.5618 59.8182 0.8695
51.3034 59.8182 0.8702
52.0449 59.8182 0.8707
52.7865 59.8182 0.8713
53.5281 59.8182 0.8718
54.2697 59.8182 0.8722
55.0112 59.8182 0.8725
55.7528 59.8182 0.8728
56.4944 59.8182 0.8730
57.2360 59.8182 0.8731
57.9775 59.8182 0.8730
58.7191 59.8182 0.8729
59.4607 59.8182 0.8726
60.2022 59.8182 0.8721
60.9438 59.8182 0.8714
61.6854 59.8182 0.8702
62.4270 59.8182 0.8686
63.1685 59.8182 0.8663
63.9101 59.8182 0.8630
64.6517 59.8182 0.8584
65.3933 59.8182 0.8519
66.1348 59.8182 0.8430
66.8764 59.8182 0.8312
67.6180 59.8182 0.8159
68.3596 59.8182 0.7963
69.1011 59.8182 0.7718
69.8427 59.8182 0.7418
70.5843 59.8182 0.7057
71.3258 59.8182 0.6630
72.0674 59.8182 0.6133
72.8090 59.8182 0.5562
73.5506 59.8182 0.4915
74.2921 59.8182 0.4191
75.0337 59.8182 0.3391
75.7753 59.8182 0.2515
76.5169 59.8182 0.1566
77.2584 59.8182 0.0548
78.0000 59.8182 0.0000

12.0000 60.5455 0.0000
12.7416 60.5455 0.0227
13.4831 60.5455 0.1341
14.2247 60.5455 0.2372
14.9663 60.5455 0.3312
15.7079 60.5455 0.4160
16.4494 60.5455 0.4916
17.1910 60.5455 0.5584
17.9326 60.5455 0.6168
18.6742 60.5455 0.6673
19.4157 60.5455 0.7105
20.1573 60.5455 0.7470
20.8989 60.5455 0.7774
21.6404 60.5455 0.8023
22.3820 60.5455 0.8225
23.1236 60.5455 0.8384
23.8652 60.5455 0.8507
24.6067 60.5455 0.8600
25.3483 60.5455 0.8669
26.0899 60.5455 0.8719
26.8315 60.5455 0.8756
27.5730 60.5455 0.8782
28.3146 60.5455 0.8801
29.0562 60.5455 0.8816
29.7978 60.5455 0.8828
30.5393 60.5455 0.8838
31.2809 60.5455 0.8847
32.0225 60.5455 0.8855
32.7640 60.5455 0.8862
33.5056 60.5455 0.8869
34.2472 60.5455 0.8875
34.9888 60.5455 0.8881
35.7303 60.5455 0.8885
36.4719 60.5455 0.8889
37.2135 60.5455 0.8893
37.9551 60.5455 0.8895
38.6966 60.5455 0.8897
39.4382 60.5455 0.8898
40.1798 60.5455 0.8899
40.9213 60.5455 0.8900
41.6629 60.5455 0.8900
42.4045 60.5455 0.8900
43.1461 60.5455 0.8900
43.8876 60.5455 0.8900
44.6292 60.5455 0.8901
45.3708 60.5455 0.8902
46.1124 60.5455 0.8904
46.8539 60.5455 0.8906
47.5955 60.5455 0.8910
48.3371 60.5455 0.8914
49.0787 60.5455 0.8920
49.8202 60.5455 0.8925
50.5618 60.5455 0.8931
51.3034 60.5455 0.8937
52.0449 60.5455 0.8942
52.7865 60.5455 0.8946
53.5281 60.5455 0.8950
54.2697 60.5455 0.8954
55.0112 60.5455 0.8956
55.7528 60.5455 0.8958
56.4944 60.5455 0.8959
57.2360 60.5455 0.8959
57.9775 60.5455 0.8958
58.7191 60.5455 0.8955
59.4607 60.5455 0.8951
60.2022 60.5455 0.8945
60.9438 60.5455 0.8936
61.6854 60.5455 0.8924
62.4270 60.5455 0.8907
63.1685 60.5455 0.8883
63.9101 60.5455 0.8849
64.6517 60.5455 0.8801
65.3933 60.5455 0.8736
66.1348 60.5455 0.8646
66.8764 60.5455 0.8527
67.6180 60.5455 0.8373
68.3596 60.5455 0.8176
69.1011 60.5455 0.7931
69.8427 60.5455 0.7632
70.5843 60.5455 0.7272
71.3258 60.5455 0.6847
72.0674 60.5455 0.6352
72.8090 60.5455 0.5783
73.5506 60.5455 0.5139
74.2921 60.5455 0.4417
75.0337 60.5455 0.3617
75.7753 60.5455 0.2741
76.5169 60.5455 0.1791
77.2584 60.5455 0.0771
78.0000 60.5455 0.0000

12.0000 61.2727 0.0000
12.7416 61.2727 0.0420
13.4831 61.2727 0.1535
14.2247 61.2727 0.2566
14.9663 61.2727 0.3507
15.7079 61.2727 0.4356
16.4494 61.2727 0.5113
17.1910 61.2727 0.5781
17.9326 61.2727 0.6366
18.6742 61.2727 0.6872
19.4157 61.2727 0.7305
20.1573 61.2727 0.7670
20.8989 61.2727 0.7975
21.6404 61.2727 0.8225
22.3820 61.2727 0.8426
23.1236 61.2727 0.8585
23.8652 61.2727 0.8709
24.6067 61.2727 0.8802
25.3483 61.2727 0.8871
26.0899 61.2727 0.8921
26.8315 61.2727 0.8958
27.5730 61.2727 0.8984
28.3146 61.2727 0.9004
29.0562 61.2727 0.9019
29.7978 61.2727 0.9031
30.5393 61.2727 0.9042
31.2809 61.2727 0.9052
32.0225 61.2727 0.9060
32.7640 61.2727 0.9068
33.5056 61.2727 0.9076
34.2472 61.2727 0.9083
34.9888 61.2727 0.9089
35.7303 61.2727 0.9095
36.4719 61.2727 0.9099
37.2135 61.2727 0.9103
37.9551 61.2727 0.9106
38.6966 61.2727 0.9108
39.4382 61.2727 0.9110
40.1798 61.2727 0.9110
40.9213 61.2727 0.9111
41.6629 61.2727 0.9110
42.4045 61.2727 0.9110
43.1461 61.2727 0.9110
43.8876 61.2727 0.9109
44.6292 61.2727 0.9109
45.3708 61.2727 0.9110
46.1124 61.2727 0.9111
46.8539 61.2727 0.9114
47.5955 61.2727 0.9117
48.3371 61.2727 0.9121
49.0787 61.2727 0.9125
49.8202 61.2727 0.9130
50.5618 61.2727 0.9136
51.3034 61.2727 0.9140
52.0449 61.2727 0.9145
52.7865 61.2727 0.9149
53.5281 61.2727 0.9152
54.2697 61.2727 0.9154
55.0112 61.2727 0.9156
55.7528 61.2727 0.9156
56.4944 61.2727 0.9156
57.2360 61.2727 0.9155
57.9775 61.2727 0.9153
58.7191 61.2727 0.9149
59.4607 61.2727 0.9144
60.2022 61.2727 0.9138
60.9438 61.2727 0.9128
61.6854 61.2727 0.9115
62.4270 61.2727 0.9098
63.1685 61.2727 0.9073
63.9101 61.2727 0.9038
64.6517 61.2727 0.8990
65.3933 61.2727 0.8923
66.1348 61.2727 0.8833
66.8764 61.2727 0.8713
67.6180 61.2727 0.8557
68.3596 61.2727 0.8359
69.1011 61.2727 0.8114
69.8427 61.2727 0.7814
70.5843 61.2727 0.7454
71.3258 61.2727 0.7029
72.0674 61.2727 0.6534
72.8090 61.2727 0.5966
73.5506 61.2727 0.5321
74.2921 61.2727 0.4599
75.0337 61.2727 0.3799
75.7753 61.2727 0.2922
76.5169 61.2727 0.1969
77.2584 61.2727 0.0946
78.0000 61.2727 0.0000

12.0000 62.0000 0.0000
12.7416 62.0000 0.0567
13.4831 62.0000 0.1683
14.2247 62.0000 0.2715
14.9663 62.0000 0.3658
15.7079 62.0000 0.4509
16.4494 62.0000 0.5268
17.1910 62.0000 0.5940
17.9326 62.0000 0.6527
18.6742 62.0000 0.7036
19.4157 62.0000 0.7471
20.1573 62.0000 0.7838
20.8989 62.0000 0.8145
21.6404 62.0000 0.8396
22.3820 62.0000 0.8598
23.1236 62.0000 0.8757
23.8652 62.0000 0.8881
24.6067 62.0000 0.8974
25.3483 62.0000 0.9044
26.0899 62.0000 0.9094
26.8315 62.0000 0.9131
27.5730 62.0000 0.9157
28.3146 62.0000 0.9177
29.0562 62.0000 0.9193
29.7978 62.0000 0.9206
30.5393 62.0000 0.9217
31.2809 62.0000 0.9227
32.0225 62.0000 0.9237
32.7640 62.0000 0.9245
33.5056 62.0000 0.9254
34.2472 62.0000 0.9262
34.9888 62.0000 0.9269
35.7303 62.0000 0.9275
36.4719 62.0000 0.9280
37.2135 62.0000 0.9284
37.9551 62.0000 0.9288
38.6966 62.0000 0.9290
39.4382 62.0000 0.9291
40.1798 62.0000 0.9292
40.9213 62.0000 0.9292
41.6629 62.0000 0.9291
42.4045 62.0000 0.9290
43.1461 62.0000 0.9289
43.8876 62.0000 0.9288
44.6292 62.0000 0.9287
45.3708 62.0000 0.9287
46.1124 62.0000 0.9288
46.8539 62.0000 0.9290
47.5955 62.0000 0.9292
48.3371 62.0000 0.9296
49.0787 62.0000 0.9300
49.8202 62.0000 0.9304
50.5618 62.0000 0.9308
51.3034 62.0000 0.9312
52.0449 62.0000 0.9316
52.7865 62.0000 0.9319
53.5281 62.0000 0.9321
54.2697 62.0000 0.9322
55.0112 62.0000 0.9323
55.7528 62.0000 0.9322
56.4944 62.0000 0.9321
57.2360 62.0000 0.9319
57.9775 62.0000 0.9316
58.7191 62.0000 0.9312
59.4607 62.0000 0.9306
60.2022 62.0000 0.9298
60.9438 62.0000 0.9288
61.6854 62.0000 0.9275
62.4270 62.0000 0.9257
63.1685 62.0000 0.9232
63.9101 62.0000 0.9197
64.6517 62.0000 0.9148
65.3933 62.0000 0.9081
66.1348 62.0000 0.8989
66.8764 62.0000 0.8868
67.6180 62.0000 0.8711
68.3596 62.0000 0.8511
69.1011 62.0000 0.8264
69.8427 62.0000 0.7962
70.5843 62.0000 0.7601
71.3258 62.0000 0.7174
72.0674 62.0000 0.6678
72.8090 62.0000 0.6108
73.5506 62.0000 0.5462
74.2921 62.0000 0.4738
75.0337 62.0000 0.3936
75.7753 62.0000 0.3056
76.5169 62.0000 0.2101
77.2584 62.0000 0.1076
78.0000 62.0000 0.0000

12.0000 62.7273 0.0000
12.7416 62.7273 0.0667
13.4831 62.7273 0.1783
14.2247 62.7273 0.2817
14.9663 62.7273 0.3763
15.7079 62.7273 0.4618
16.4494 62.7273 0.5382
17.1910 62.7273 0.6058
17.9326 62.7273 0.6650
18.6742 62.7273 0.7162
19.4157 62.7273 0.7601
20.1573 62.7273 0.7972
20.8989 62.7273 0.8281
21.6404 62.7273 0.8533
22.3820 62.7273 0.8737
23.1236 62.7273 0.8897
23.8652 62.7273 0.9021
24.6067 62.7273 0.9115
25.3483 62.7273 0.9185
26.0899 62.7273 0.9236
26.8315 62.7273 0.9272
27.5730 62.7273 0.9299
28.3146 62.7273 0.9319
29.0562 62.7273 0.9335
29.7978 62.7273 0.9349
30.5393 62.7273 0.9360
31.2809 62.7273 0.9371
32.0225 62.7273 0.9382
32.7640 62.7273 0.9391
33.5056 62.7273 0.9401
34.2472 62.7273 0.9409
34.9888 62.7273 0.9417
35.7303 62.7273 0.9424
36.4719 62.7273 0.9430
37.2135 62.7273 0.9435
37.9551 62.7273 0.9439
38.6966 62.7273 0.9441
39.4382 62.7273 0.9443
40.1798 62.7273 0.9443
40.9213 62.7273 0.9442
41.6629 62.7273 0.9440
42.4045 62.7273 0.9438
43.1461 62.7273 0.9436
43.8876 62.7273 0.9435
44.6292 62.7273 0.9433
45.3708 62.7273 0.9432
46.1124 62.7273 0.9432
46.8539 62.7273 0.9433
47.5955 62.7273 0.9434
48.3371 62.7273 0.9437
49.0787 62.7273 0.9440
49.8202 62.7273 0.9443
50.5618 62.7273 0.9447
51.3034 62.7273 0.9450
52.0449 62.7273 0.9453
52.7865 62.7273 0.9455
53.5281 62.7273 0.9456
54.2697 62.7273 0.9456
55.0112 62.7273 0.9456
55.7528 62.7273 0.9455
56.4944 62.7273 0.9453
57.2360 62.7273 0.9450
57.9775 62.7273 0.9446
58.7191 62.7273 0.9440
59.4607 62.7273 0.9434
60.2022 62.7273 0.9426
60.9438 62.7273 0.9416
61.6854 62.7273 0.9403
62.4270 62.7273 0.9385
63.1685 62.7273 0.9360
63.9101 62.7273 0.9325
64.6517 62.7273 0.9276
65.3933 62.7273 0.9208
66.1348 62.7273 0.9115
66.8764 62.7273 0.8992
67.6180 62.7273 0.8833
68.3596 62.7273 0.8632
69.1011 62.7273 0.8382
69.8427 62.7273 0.8077
70.5843 62.7273 0.7713
71.3258 62.7273 0.7283
72.0674 62.7273 0.6784
72.8090 62.7273 0.6211
73.5506 62.7273 0.5562
74.2921 62.7273 0.4835
75.0337 62.7273 0.4029
75.7753 62.7273 0.3146
76.5169 62.7273 0.2187
77.2584 62.7273 0.1159
78.0000 62.7273 0.0069

12.0000 63.4545 0.0000
12.7416 63.4545 0.0718
13.4831 63.4545 0.1834
14.2247 63.4545 0.2871
14.9663 63.4545 0.3821
15.7079 63.4545 0.4681
16.4494 63.4545 0.5451
17.1910 63.4545 0.6133
17.9326 63.4545 0.6731
18.6742 63.4545 0.7249
19.4157 63.4545 0.7693
20.1573 63.4545 0.8068
20.8989 63.4545 0.8380
21.6404 63.4545 0.8635
22.3820 63.4545 0.8841
23.1236 63.4545 0.9002
23.8652 63.4545 0.9127
24.6067 63.4545 0.9221
25.3483 63.4545 0.9291
26.0899 63.4545 0.9342
26.8315 63.4545 0.9379
27.5730 63.4545 0.9406
28.3146 63.4545 0.9427
29.0562 63.4545 0.9443
29.7978 63.4545 0.9457
30.5393 63.4545 0.9470
31.2809 63.4545 0.9482
32.0225 63.4545 0.9493
32.7640 63.4545 0.9504
33.5056 63.4545 0.9514
34.2472 63.4545 0.9524
34.9888 63.4545 0.9533
35.7303 63.4545 0.9541
36.4719 63.4545 0.9548
37.2135 63.4545 0.9553
37.9551 63.4545 0.9557
38.6966 63.4545 0.9560
39.4382 63.4545 0.9561
40.1798 63.4545 0.9560
40.9213 63.4545 0.9558
41.6629 63.4545 0.9556
42.4045 63.4545 0.9553
43.1461 63.4545 0.9549
43.8876 63.4545 0.9546
44.6292 63.4545 0.9543
45.3708 63.4545 0.9541
46.1124 63.4545 0.9540
46.8539 63.4545 0.9539
47.5955 63.4545 0.9540
48.3371 63.4545 0.9542
49.0787 63.4545 0.9544
49.8202 63.4545 0.9546
50.5618 63.4545 0.9549
51.3034 63.4545 0.9551
52.0449 63.4545 0.9553
52.7865 63.4545 0.9555
53.5281 63.4545 0.9555
54.2697 63.4545 0.9555
55.0112 63.4545 0.9554
55.7528 63.4545 0.9552
56.4944 63.4545 0.9549
57.2360 63.4545 0.9545
57.9775 63.4545 0.9540
58.7191 63.4545 0.9534
59.4607 63.4545 0.9527
60.2022 63.4545 0.9519
60.9438 63.4545 0.9509
61.6854 63.4545 0.9496
62.4270 63.4545 0.9478
63.1685 63.4545 0.9453
63.9101 63.4545 0.9419
64.6517 63.4545 0.9370
65.3933 63.4545 0.9301
66.1348 63.4545 0.9208
66.8764 63.4545 0.9084
67.6180 63.4545 0.8923
68.3596 63.4545 0.8719
69.1011 63.4545 0.8466
69.8427 63.4545 0.8158
70.5843 63.4545 0.7790
71.3258 63.4545 0.7356
72.0674 63.4545 0.6852
72.8090 63.4545 0.6275
73.5506 63.4545 0.5621
74.2921 63.4545 0.4889
75.0337 63.4545 0.4079
75.7753 63.4545 0.3191
76.5169 63.4545 0.2229
77.2584 63.4545 0.1198
78.0000 63.4545 0.0106

12.0000 64.1818 0.0000
12.7416 64.1818 0.0720
13.4831 64.1818 0.1837
14.2247 64.1818 0.2877
14.9663 64.1818 0.3831
15.7079 64.1818 0.4697
16.4494 64.1818 0.5474
17.1910 64.1818 0.6164
17.9326 64.1818 0.6769
18.6742 64.1818 0.7294
19.4157 64.1818 0.7743
20.1573 64.1818 0.8123
20.8989 64.1818 0.8439
21.6404 64.1818 0.8698
22.3820 64.1818 0.8905
23.1236 64.1818 0.9068
23.8652 64.1818 0.9194
24.6067 64.1818 0.9289
25.3483 64.1818 0.9359
26.0899 64.1818 0.9410
26.8315 64.1818 0.9447
27.5730 64.1818 0.9475
28.3146 64.1818 0.9496
29.0562 64.1818 0.9513
29.7978 64.1818 0.9528
30.5393 64.1818 0.9541
31.2809 64.1818 0.9554
32.0225 64.1818 0.9567
32.7640 64.1818 0.9579
33.5056 64.1818 0.9591
34.2472 64.1818 0.9602
34.9888 64.1818 0.9613
35.7303 64.1818 0.9622
36.4719 64.1818 0.9630
37.2135 64.1818 0.9636
37.9551 64.1818 0.9640
38.6966 64.1818 0.9642
39.4382 64.1818 0.9643
40.1798 64.1818 0.9641
40.9213 64.1818 0.9638
41.6629 64.1818 0.9634
42.4045 64.1818 0.9629
43.1461 64.1818 0.9624
43.8876 64.1818 0.9619
44.6292 64.1818 0.9615
45.3708 64.1818 0.9611
46.1124 64.1818 0.9608
46.8539 64.1818 0.9606
47.5955 64.1818 0.9606
48.3371 64.1818 0.9606
49.0787 64.1818 0.9608
49.8202 64.1818 0.9609
50.5618 64.1818 0.9611
51.3034 64.1818 0.9613
52.0449 64.1818 0.9615
52.7865 64.1818 0.9616
53.5281 64.1818 0.9616
54.2697 64.1818 0.9615
55.0112 64.1818 0.9613
55.7528 64.1818 0.9611
56.4944 64.1818 0.9607
57.2360 64.1818 0.9602
57.9775 64.1818 0.9597
58.7191 64.1818 0.9590
59.4607 64.1818 0.9583
60.2022 64.1818 0.9574
60.9438 64.1818 0.9564
61.6854 64.1818 0.9551
62.4270 64.1818 0.9534
63.1685 64.1818 0.9510
63.9101 64.1818 0.9476
64.6517 64.1818 0.9427
65.3933 64.1818 0.9359
66.1348 64.1818 0.9265
66.8764 64.1818 0.9140
67.6180 64.1818 0.8978
68.3596 64.1818 0.8771
69.1011 64.1818 0.8515
69.8427 64.1818 0.8203
70.5843 64.1818 0.7830
71.3258 64.1818 0.7391
72.0674 64.1818 0.6882
72.8090 64.1818 0.6299
73.5506 64.1818 0.5639
74.2921 64.1818 0.4902
75.0337 64.1818 0.4086
75.7753 64.1818 0.3193
76.5169 64.1818 0.2227
77.2584 64.1818 0.1194
78.0000 64.1818 0.0101

12.0000 64.9091 0.0000
12.7416 64.9091 0.0673
13.4831 64.9091 0.1790
14.2247 64.9091 0.2833
14.9663 64.9091 0.3793
15.7079 64.9091 0.4665
16.4494 64.9091 0.5450
17.1910 64.9091 0.6147
17.9326 64.9091 0.6760
18.6742 64.9091 0.7292
19.4157 64.9091 0.7749
20.1573 64.9091 0.8134
20.8989 64.9091 0.8454
21.6404 64.9091 0.8716
22.3820 64.9091 0.8925
23.1236 64.9091 0.9090
23.8652 64.9091 0.9217
24.6067 64.9091 0.9312
25.3483 64.9091 0.9383
26.0899 64.9091 0.9434
26.8315 64.9091 0.9472
27.5730 64.9091 0.9500
28.3146 64.9091 0.9522
29.0562 64.9091 0.9540
29.7978 64.9091 0.9556
30.5393 64.9091 0.9570
31.2809 64.9091 0.9585
32.0225 64.9091 0.9599
32.7640 64.9091 0.9613
33.5056 64.9091 0.9627
34.2472 64.9091 0.9641
34.9888 64.9091 0.9653
35.7303 64.9091 0.9664
36.4719 64.9091 0.9673
37.2135 64.9091 0.9680
37.9551 64.9091 0.9684
38.6966 64.9091 0.9686
39.4382 64.9091 0.9686
40.1798 64.9091 0.9683
40.9213 64.9091 0.9678
41.6629 64.9091 0.9672
42.4045 64.9091 0.9665
43.1461 64.9091 0.9657
43.8876 64.9091 0.9650
44.6292 64.9091 0.9643
45.3708 64.9091 0.9638
46.1124 64.9091 0.9633
46.8539 64.9091 0.9630
47.5955 64.9091 0.9628
48.3371 64.9091 0.9627
49.0787 64.9091 0.9628
49.8202 64.9091 0.9629
50.5618 64.9091 0.9631
51.3034 64.9091 0.9632
52.0449 64.9091 0.9634
52.7865 64.9091 0.9635
53.5281 64.9091 0.9635
54.2697 64.9091 0.9634
55.0112 64.9091 0.9631
55.7528 64.9091 0.9628
56.4944 64.9091 0.9624
57.2360 64.9091 0.9618
57.9775 64.9091 0.9612
58.7191 64.9091 0.9605
59.4607 64.9091 0.9597
60.2022 64.9091 0.9588
60.9438 64.9091 0.9578
61.6854 64.9091 0.9566
62.4270 64.9091 0.9549
63.1685 64.9091 0.9526
63.9101 64.9091 0.9493
64.6517 64.9091 0.9445
65.3933 64.9091 0.9377
66.1348 64.9091 0.9283
66.8764 64.9091 0.9158
67.6180 64.9091 0.8993
68.3596 64.9091 0.8785
69.1011 64.9091 0.8525
69.8427 64.9091 0.8209
70.5843 64.9091 0.7831
71.3258 64.9091 0.7387
72.0674 64.9091 0.6872
72.8090 64.9091 0.6283
73.5506 64.9091 0.5617
74.2921 64.9091 0.4873
75.0337 64.9091 0.4051
75.7753 64.9091 0.3153
76.5169 64.9091 0.2183
77.2584 64.9091 0.1147
78.0000 64.9091 0.0054

12.0000 65.6364 0.0000
12.7416 65.6364 0.0577
13.4831 65.6364 0.1694
14.2247 65.6364 0.2740
14.9663 65.6364 0.3704
15.7079 65.6364 0.4583
16.4494 65.6364 0.5375
17.1910 65.6364 0.6081
17.9326 65.6364 0.6702
18.6742 65.6364 0.7242
19.4157 65.6364 0.7704
20.1573 65.6364 0.8095
20.8989 65.6364 0.8420
21.6404 65.6364 0.8685
22.3820 65.6364 0.8897
23.1236 65.6364 0.9064
23.8652 65.6364 0.9191
24.6067 65.6364 0.9287
25.3483 65.6364 0.9358
26.0899 65.6364 0.9410
26.8315 65.6364 0.9448
27.5730 65.6364 0.9477
28.3146 65.6364 0.9499
29.0562 65.6364 0.9519
29.7978 65.6364 0.9536
30.5393 65.6364 0.9553
31.2809 65.6364 0.9569
32.0225 65.6364 0.9586
32.7640 65.6364 0.9603
33.5056 65.6364 0.9619
34.2472 65.6364 0.9635
34.9888 65.6364 0.9650
35.7303 65.6364 0.9663
36.4719 65.6364 0.9673
37.2135 65.6364 0.9681
37.9551 65.6364 0.9686
38.6966 65.6364 0.9688
39.4382 65.6364 0.9686
40.1798 65.6364 0.9682
40.9213 65.6364 0.9675
41.6629 65.6364 0.9666
42.4045 65.6364 0.9656
43.1461 65.6364 0.9646
43.8876 65.6364 0.9635
44.6292 65.6364 0.9626
45.3708 65.6364 0.9617
46.1124 65.6364 0.9610
46.8539 65.6364 0.9605
47.5955 65.6364 0.9602
48.3371 65.6364 0.9600
49.0787 65.6364 0.9600
49.8202 65.6364 0.9601
50.5618 65.6364 0.9603
51.3034 65.6364 0.9605
52.0449 65.6364 0.9606
52.7865 65.6364 0.9607
53.5281 65.6364 0.9607
54.2697 65.6364 0.9606
55.0112 65.6364 0.9604
55.7528 65.6364 0.9600
56.4944 65.6364 0.9595
57.2360 65.6364 0.9588
57.9775 65.6364 0.9581
58.7191 65.6364 0.9573
59.4607 65.6364 0.9565
60.2022 65.6364 0.9556
60.9438 65.6364 0.9546
61.6854 65.6364 0.9534
62.4270 65.6364 0.9518
63.1685 65.6364 0.9496
63.9101 65.6364 0.9464
64.6517 65.6364 0.9417
65.3933 65.6364 0.9350
66.1348 65.6364 0.9257
66.8764 65.6364 0.9131
67.6180 65.6364 0.8966
68.3596 65.6364 0.8755
69.1011 65.6364 0.8493
69.8427 65.6364 0.8174
70.5843 65.6364 0.7791
71.3258 65.6364 0.7341
72.0674 65.6364 0.6820
72.8090 65.6364 0.6224
73.5506 65.6364 0.5552
74.2921 65.6364 0.4802
75.0337 65.6364 0.3974
75.7753 65.6364 0.3071
76.5169 65.6364 0.2097
77.2584 65.6364 0.1059
78.0000 65.6364 0.0000

12.0000 66.3636 0.0000
12.7416 66.3636 0.0433
13.4831 66.3636 0.1549
14.2247 66.3636 0.2596
14.9663 66.3636 0.3564
15.7079 66.3636 0.4449
16.4494 66.3636 0.5248
17.1910 66.3636 0.5962
17.9326 66.3636 0.6590
18.6742 66.3636 0.7138
19.4157 66.3636 0.7607
20.1573 66.3636 0.8003
20.8989 66.3636 0.8333
21.6404 66.3636 0.8601
22.3820 66.3636 0.8816
23.1236 66.3636 0.8984
23.8652 66.3636 0.9112
24.6067 66.3636 0.9209
25.3483 66.3636 0.9280
26.0899 66.3636 0.9332
26.8315 66.3636 0.9371
27.5730 66.3636 0.9401
28.3146 66.3636 0.9424
29.0562 66.3636 0.9445
29.7978 66.3636 0.9464
30.5393 66.3636 0.9483
31.2809 66.3636 0.9503
32.0225 66.3636 0.9522
32.7640 66.3636 0.9542
33.5056 66.3636 0.9562
34.2472 66.3636 0.9581
34.9888 66.3636 0.9599
35.7303 66.3636 0.9615
36.4719 66.3636 0.9628
37.2135 66.3636 0.9637
37.9551 66.3636 0.9643
38.6966 66.3636 0.9644
39.4382 66.3636 0.9642
40.1798 66.3636 0.9635
40.9213 66.3636 0.9626
41.6629 66.3636 0.9613
42.4045 66.3636 0.9600
43.1461 66.3636 0.9585
43.8876 66.3636 0.9571
44.6292 66.3636 0.9558
45.3708 66.3636 0.9547
46.1124 66.3636 0.9537
46.8539 66.3636 0.9530
47.5955 66.3636 0.9525
48.3371 66.3636 0.9522
49.0787 66.3636 0.9521
49.8202 66.3636 0.9522
50.5618 66.3636 0.9524
51.3034 66.3636 0.9526
52.0449 66.3636 0.9528
52.7865 66.3636 0.9529
53.5281 66.3636 0.9530
54.2697 66.3636 0.9529
55.0112 66.3636 0.9526
55.7528 66.3636 0.9521
56.4944 66.3636 0.9515
57.2360 66.3636 0.9507
57.9775 66.3636 0.9499
58.7191 66.3636 0.9490
59.4607 66.3636 0.9480
60.2022 66.3636 0.9471
60.9438 66.3636 0.9461
61.6854 66.3636 0.9450
62.4270 66.3636 0.9435
63.1685 66.3636 0.9414
63.9101 66.3636 0.9383
64.6517 66.3636 0.9338
65.3933 66.3636 0.9272
66.1348 66.3636 0.9180
66.8764 66.3636 0.9055
67.6180 66.3636 0.8889
68.3596 66.3636 0.8678
69.1011 66.3636 0.8413
69.8427 66.3636 0.8091
70.5843 66.3636 0.7704
71.3258 66.3636 0.7250
72.0674 66.3636 0.6723
72.8090 66.3636 0.6121
73.5506 66.3636 0.5442
74.2921 66.3636 0.4686
75.0337 66.3636 0.3852
75.7753 66.3636 0.2945
76.5169 66.3636 0.1967
77.2584 66.3636 0.0926
78.0000 66.3636 0.0000

12.0000 67.0909 0.0000
12.7416 67.0909 0.0242
13.4831 67.0909 0.1355
14.2247 67.0909 0.2402
14.9663 67.0909 0.3373
15.7079 67.0909 0.4262
16.4494 67.0909 0.5067
17.1910 67.0909 0.5787
17.9326 67.0909 0.6423
18.6742 67.0909 0.6977
19.4157 67.0909 0.7452
20.1573 67.0909 0.7854
20.8989 67.0909 0.8187
21.6404 67.0909 0.8459
22.3820 67.0909 0.8676
23.1236 67.0909 0.8846
23.8652 67.0909 0.8975
24.6067 67.0909 0.9072
25.3483 67.0909 0.9144
26.0899 67.0909 0.9197
26.8315 67.0909 0.9236
27.5730 67.0909 0.9267
28.3146 67.0909 0.9292
29.0562 67.0909 0.9315
29.7978 67.0909 0.9336
30.5393 67.0909 0.9358
31.2809 67.0909 0.9381
32.0225 67.0909 0.9404
32.7640 67.0909 0.9428
33.5056 67.0909 0.9452
34.2472 67.0909 0.9475
34.9888 67.0909 0.9497
35.7303 67.0909 0.9517
36.4719 67.0909 0.9533
37.2135 67.0909 0.9544
37.9551 67.0909 0.9551
38.6966 67.0909 0.9553
39.4382 67.0909 0.9549
40.1798 67.0909 0.9540
40.9213 67.0909 0.9527
41.6629 67.0909 0.9511
42.4045 67.0909 0.9493
43.1461 67.0909 0.9474
43.8876 67.0909 0.9455
44.6292 67.0909 0.9438
45.3708 67.0909 0.9422
46.1124 67.0909 0.9409
46.8539 67.0909 0.9400
47.5955 67.0909 0.9393
48.3371 67.0909 0.9389
49.0787 67.0909 0.9387
49.8202 67.0909 0.9388
50.5618 67.0909 0.9390
51.3034 67.0909 0.9392
52.0449 67.0909 0.9395
52.7865 67.0909 0.9397
53.5281 67.0909 0.9397
54.2697 67.0909 0.9396
55.0112 67.0909 0.9392
55.7528 67.0909 0.9387
56.4944 67.0909 0.9379
57.2360 67.0909 0.9370
57.9775 67.0909 0.9360
58.7191 67.0909 0.9349
59.4607 67.0909 0.9338
60.2022 67.0909 0.9328
60.9438 67.0909 0.9318
61.6854 67.0909 0.9307
62.4270 67.0909 0.9294
63.1685 67.0909 0.9274
63.9101 67.0909 0.9245
64.6517 67.0909 0.9202
65.3933 67.0909 0.9138
66.1348 67.0909 0.9047
66.8764 67.0909 0.8923
67.6180 67.0909 0.8758
68.3596 67.0909 0.8546
69.1011 67.0909 0.8280
69.8427 67.0909 0.7955
70.5843 67.0909 0.7565
71.3258 67.0909 0.7106
72.0674 67.0909 0.6575
72.8090 67.0909 0.5968
73.5506 67.0909 0.5283
74.2921 67.0909 0.4522
75.0337 67.0909 0.3683
75.7753 67.0909 0.2772
76.5169 67.0909 0.1791
77.2584 67.0909 0.0749
78.0000 67.0909 0.0000

12.0000 67.8182 0.0000
12.7416 67.8182 0.0003
13.4831 67.8182 0.1111
14.2247 67.8182 0.2156
14.9663 67.8182 0.3128
15.7079 67.8182 0.4020
16.4494 67.8182 0.4829
17.1910 67.8182 0.5555
17.9326 67.8182 0.6196
18.6742 67.8182 0.6755
19.4157 67.8182 0.7236
20.1573 67.8182 0.7642
20.8989 67.8182 0.7980
21.6404 67.8182 0.8254
22.3820 67.8182 0.8473
23.1236 67.8182 0.8644
23.8652 67.8182 0.8775
24.6067 67.8182 0.8873
25.3483 67.8182 0.8945
26.0899 67.8182 0.8998
26.8315 67.8182 0.9039
27.5730 67.8182 0.9071
28.3146 67.8182 0.9098
29.0562 67.8182 0.9123
29.7978 67.8182 0.9148
30.5393 67.8182 0.9173
31.2809 67.8182 0.9200
32.0225 67.8182 0.9227
32.7640 67.8182 0.9256
33.5056 67.8182 0.9285
34.2472 67.8182 0.9314
34.9888 67.8182 0.9340
35.7303 67.8182 0.9364
36.4719 67.8182 0.9384
37.2135 67.8182 0.9399
37.9551 67.8182 0.9407
38.6966 67.8182 0.9409
39.4382 67.8182 0.9404
40.1798 67.8182 0.9393
40.9213 67.8182 0.9376
41.6629 67.8182 0.9356
42.4045 67.8182 0.9333
43.1461 67.8182 0.9308
43.8876 67.8182 0.9284
44.6292 67.8182 0.9262
45.3708 67.8182 0.9242
46.1124 67.8182 0.9225
46.8539 67.8182 0.9212
47.5955 67.8182 0.9203
48.3371 67.8182 0.9197
49.0787 67.8182 0.9195
49.8202 67.8182 0.9196
50.5618 67.8182 0.9198
51.3034 67.8182 0.9201
52.0449 67.8182 0.9204
52.7865 67.8182 0.9206
53.5281 67.8182 0.9206
54.2697 67.8182 0.9204
55.0112 67.8182 0.9199
55.7528 67.8182 0.9192
56.4944 67.8182 0.9182
57.2360 67.8182 0.9170
57.9775 67.8182 0.9158
58.7191 67.8182 0.9145
59.4607 67.8182 0.9133
60.2022 67.8182 0.9122
60.9438 67.8182 0.9111
61.6854 67.8182 0.9101
62.4270 67.8182 0.9088
63.1685 67.8182 0.9071
63.9101 67.8182 0.9044
64.6517 67.8182 0.9003
65.3933 67.8182 0.8941
66.1348 67.8182 0.8853
66.8764 67.8182 0.8730
67.6180 67.8182 0.8566
68.3596 67.8182 0.8354
69.1011 67.8182 0.8087
69.8427 67.8182 0.7760
70.5843 67.8182 0.7368
71.3258 67.8182 0.6906
72.0674 67.8182 0.6370
72.8090 67.8182 0.5759
73.5506 67.8182 0.5070
74.2921 67.8182 0.4304
75.0337 67.8182 0.3462
75.7753 67.8182 0.2548
76.5169 67.8182 0.1565
77.2584 67.8182 0.0522
78.0000 67.8182 0.0000

12.0000 68.5455 0.0000
12.7416 68.5455 0.0000
13.4831 68.5455 0.0817
14.2247 68.5455 0.1857
14.9663 68.5455 0.2828
15.7079 68.5455 0.3721
16.4494 68.5455 0.4533
17.1910 68.5455 0.5261
17.9326 68.5455 0.5906
18.6742 68.5455 0.6470
19.4157 68.5455 0.6955
20.1573 68.5455 0.7365
20.8989 68.5455 0.7705
21.6404 68.5455 0.7982
22.3820 68.5455 0.8203
23.1236 68.5455 0.8376
23.8652 68.5455 0.8507
24.6067 68.5455 0.8606
25.3483 68.5455 0.8679
26.0899 68.5455 0.8734
26.8315 68.5455 0.8776
27.5730 68.5455 0.8810
28.3146 68.5455 0.8839
29.0562 68.5455 0.8867
29.7978 68.5455 0.8896
30.5393 68.5455 0.8925
31.2809 68.5455 0.8956
32.0225 68.5455 0.8988
32.7640 68.5455 0.9023
33.5056 68.5455 0.9057
34.2472 68.5455 0.9092
34.9888 68.5455 0.9125
35.7303 68.5455 0.9154
36.4719 68.5455 0.9179
37.2135 68.5455 0.9197
37.9551 68.5455 0.9208
38.6966 68.5455 0.9210
39.4382 68.5455 0.9205
40.1798 68.5455 0.9191
40.9213 68.5455 0.9171
41.6629 68.5455 0.9146
42.4045 68.5455 0.9117
43.1461 68.5455 0.9087
43.8876 68.5455 0.9056
44.6292 68.5455 0.9028
45.3708 68.5455 0.9003
46.1124 68.5455 0.8982
46.8539 68.5455 0.8965
47.5955 68.5455 0.8954
48.3371 68.5455 0.8946
49.0787 68.5455 0.8943
49.8202 68.5455 0.8943
50.5618 68.5455 0.8945
51.3034 68.5455 0.8948
52.0449 68.5455 0.8950
52.7865 68.5455 0.8952
53.5281 68.5455 0.8951
54.2697 68.5455 0.8948
55.0112 68.5455 0.8941
55.7528 68.5455 0.8931
56.4944 68.5455 0.8919
57.2360 68.5455 0.8904
57.9775 68.5455 0.8889
58.7191 68.5455 0.8873
59.4607 68.5455 0.8859
60.2022 68.5455 0.8846
60.9438 68.5455 0.8836
61.6854 68.5455 0.8825
62.4270 68.5455 0.8814
63.1685 68.5455 0.8798
63.9101 68.5455 0.8774
64.6517 68.5455 0.8736
65.3933 68.5455 0.8677
66.1348 68.5455 0.8590
66.8764 68.5455 0.8469
67.6180 68.5455 0.8306
68.3596 68.5455 0.8095
69.1011 68.5455 0.7828
69.8427 68.5455 0.7500
70.5843 68.5455 0.7106
71.3258 68.5455 0.6642
72.0674 68.5455 0.6104
72.8090 68.5455 0.5489
73.5506 68.5455 0.4798
74.2921 68.5455 0.4029
75.0337 68.5455 0.3185
75.7753 68.5455 0.2268
76.5169 68.5455 0.1285
77.2584 68.5455 0.0243
78.0000 68.5455 0.0000

12.0000 69.2727 0.0000
12.7416 69.2727 0.0000
13.4831 69.2727 0.0472
14.2247 69.2727 0.1506
14.9663 69.2727 0.2472
15.7079 69.2727 0.3363
16.4494 69.2727 0.4174
17.1910 69.2727 0.4904
17.9326 69.2727 0.5551
18.6742 69.2727 0.6117
19.4157 69.2727 0.6605
20.1573 69.2727 0.7017
20.8989 69.2727 0.7360
21.6404 69.2727 0.7639
22.3820 69.2727 0.7862
23.1236 69.2727 0.8036
23.8652 69.2727 0.8169
24.6067 69.2727 0.8269
25.3483 69.2727 0.8344
26.0899 69.2727 0.8400
26.8315 69.2727 0.8444
27.5730 69.2727 0.8481
28.3146 69.2727 0.8513
29.0562 69.2727 0.8545
29.7978 69.2727 0.8577
30.5393 69.2727 0.8610
31.2809 69.2727 0.8646
32.0225 69.2727 0.8684
32.7640 69.2727 0.8724
33.5056 69.2727 0.8765
34.2472 69.2727 0.8807
34.9888 69.2727 0.8846
35.7303 69.2727 0.8882
36.4719 69.2727 0.8912
37.2135 69.2727 0.8935
37.9551 69.2727 0.8949
38.6966 69.2727 0.8953
39.4382 69.2727 0.8947
40.1798 69.2727 0.8932
40.9213 69.2727 0.8908
41.6629 69.2727 0.8878
42.4045 69.2727 0.8843
43.1461 69.2727 0.8807
43.8876 69.2727 0.8770
44.6292 69.2727 0.8736
45.3708 69.2727 0.8705
46.1124 69.2727 0.8679
46.8539 69.2727 0.8659
47.5955 69.2727 0.8644
48.3371 69.2727 0.8634
49.0787 69.2727 0.8629
49.8202 69.2727 0.8628
50.5618 69.2727 0.8629
51.3034 69.2727 0.8631
52.0449 69.2727 0.8633
52.7865 69.2727 0.8633
53.5281 69.2727 0.8631
54.2697 69.2727 0.8625
55.0112 69.2727 0.8615
55.7528 69.2727 0.8602
56.4944 69.2727 0.8586
57.2360 69.2727 0.8567
57.9775 69.2727 0.8548
58.7191 69.2727 0.8529
59.4607 69.2727 0.8512
60.2022 69.2727 0.8498
60.9438 69.2727 0.8487
61.6854 69.2727 0.8477
62.4270 69.2727 0.8467
63.1685 69.2727 0.8453
63.9101 69.2727 0.8431
64.6517 69.2727 0.8395
65.3933 69.2727 0.8339
66.1348 69.2727 0.8255
66.8764 69.2727 0.8135
67.6180 69.2727 0.7974
68.3596 69.2727 0.7763
69.1011 69.2727 0.7497
69.8427 69.2727 0.7169
70.5843 69.2727 0.6774
71.3258 69.2727 0.6309
72.0674 69.2727 0.5769
72.8090 69.2727 0.5153
73.5506 69.2727 0.4460
74.2921 69.2727 0.3690
75.0337 69.2727 0.2845
75.7753 69.2727 0.1929
76.5169 69.2727 0.0947
77.2584 69.2727 0.0000
78.0000 69.2727 0.0000

12.0000 70.0000 0.0000
12.7416 70.0000 0.0000
13.4831 70.0000 0.0077
14.2247 70.0000 0.1100
14.9663 70.0000 0.2058
15.7079 70.0000 0.2944
16.4494 70.0000 0.3753
17.1910 70.0000 0.4481
17.9326 70.0000 0.5128
18.6742 70.0000 0.5694
19.4157 70.0000 0.6183
20.1573 70.0000 0.6597
20.8989 70.0000 0.6942
21.6404 70.0000 0.7223
22.3820 70.0000 0.7447
23.1236 70.0000 0.7622
23.8652 70.0000 0.7757
24.6067 70.0000 0.7859
25.3483 70.0000 0.7936
26.0899 70.0000 0.7995
26.8315 70.0000 0.8042
27.5730 70.0000 0.8082
28.3146 70.0000 0.8118
29.0562 70.0000 0.8154
29.7978 70.0000 0.8190
30.5393 70.0000 0.8228
31.2809 70.0000 0.8269
32.0225 70.0000 0.8312
32.7640 70.0000 0.8359
33.5056 70.0000 0.8406
34.2472 70.0000 0.8454
34.9888 70.0000 0.8501
35.7303 70.0000 0.8544
36.4719 70.0000 0.8581
37.2135 70.0000 0.8609
37.9551 70.0000 0.8627
38.6966 70.0000 0.8634
39.4382 70.0000 0.8628
40.1798 70.0000 0.8612
40.9213 70.0000 0.8585
41.6629 70.0000 0.8550
42.4045 70.0000 0.8510
43.1461 70.0000 0.8467
43.8876 70.0000 0.8424
44.6292 70.0000 0.8383
45.3708 70.0000 0.8347
46.1124 70.0000 0.8316
46.8539 70.0000 0.8291
47.5955 70.0000 0.8273
48.3371 70.0000 0.8261
49.0787 70.0000 0.8254
49.8202 70.0000 0.8251
50.5618 70.0000 0.8251
51.3034 70.0000 0.8252
52.0449 70.0000 0.8251
52.7865 70.0000 0.8249
53.5281 70.0000 0.8243
54.2697 70.0000 0.8234
55.0112 70.0000 0.8220
55.7528 70.0000 0.8202
56.4944 70.0000 0.8180
57.2360 70.0000 0.8157
57.9775 70.0000 0.8133
58.7191 70.0000 0.8111
59.4607 70.0000 0.8091
60.2022 70.0000 0.8075
60.9438 70.0000 0.8063
61.6854 70.0000 0.8053
62.4270 70.0000 0.8044
63.1685 70.0000 0.8032
63.9101 70.0000 0.8012
64.6517 70.0000 0.7979
65.3933 70.0000 0.7924
66.1348 70.0000 0.7842
66.8764 70.0000 0.7725
67.6180 70.0000 0.7565
68.3596 70.0000 0.7355
69.1011 70.0000 0.7090
69.8427 70.0000 0.6762
70.5843 70.0000 0.6367
71.3258 70.0000 0.5902
72.0674 70.0000 0.5362
72.8090 70.0000 0.4746
73.5506 70.0000 0.4053
74.2921 70.0000 0.3284
75.0337 70.0000 0.2441
75.7753 70.0000 0.1527
76.5169 70.0000 0.0549
77.2584 70.0000 0.0000
78.0000 70.0000 0.0000

12.0000 70.7273 0.0000
12.7416 70.7273 0.0000
13.4831 70.7273 0.0000
14.2247 70.7273 0.0640
14.9663 70.7273 0.1587
15.7079 70.7273 0.2464
16.4494 70.7273 0.3266
17.1910 70.7273 0.3990
17.9326 70.7273 0.4634
18.6742 70.7273 0.5200
19.4157 70.7273 0.5688
20.1573 70.7273 0.6102
20.8989 70.7273 0.6447
21.6404 70.7273 0.6730
22.3820 70.7273 0.6956
23.1236 70.7273 0.7133
23.8652 70.7273 0.7270
24.6067 70.7273 0.7375
25.3483 70.7273 0.7455
26.0899 70.7273 0.7518
26.8315 70.7273 0.7569
27.5730 70.7273 0.7613
28.3146 70.7273 0.7653
29.0562 70.7273 0.7693
29.7978 70.7273 0.7734
30.5393 70.7273 0.7777
31.2809 70.7273 0.7822
32.0225 70.7273 0.7871
32.7640 70.7273 0.7923
33.5056 70.7273 0.7978
34.2472 70.7273 0.8033
34.9888 70.7273 0.8087
35.7303 70.7273 0.8137
36.4719 70.7273 0.8181
37.2135 70.7273 0.8215
37.9551 70.7273 0.8238
38.6966 70.7273 0.8248
39.4382 70.7273 0.8244
40.1798 70.7273 0.8227
40.9213 70.7273 0.8198
41.6629 70.7273 0.8160
42.4045 70.7273 0.8115
43.1461 70.7273 0.8066
43.8876 70.7273 0.8017
44.6292 70.7273 0.7971
45.3708 70.7273 0.7929
46.1124 70.7273 0.7893
46.8539 70.7273 0.7864
47.5955 70.7273 0.7842
48.3371 70.7273 0.7828
49.0787 70.7273 0.7818
49.8202 70.7273 0.7813
50.5618 70.7273 0.7811
51.3034 70.7273 0.7808
52.0449 70.7273 0.7805
52.7865 70.7273 0.7798
53.5281 70.7273 0.7788
54.2697 70.7273 0.7773
55.0112 70.7273 0.7753
55.7528 70.7273 0.7729
56.4944 70.7273 0.7702
57.2360 70.7273 0.7673
57.9775 70.7273 0.7644
58.7191 70.7273 0.7618
59.4607 70.7273 0.7595
60.2022 70.7273 0.7577
60.9438 70.7273 0.7563
61.6854 70.7273 0.7554
62.4270 70.7273 0.7545
63.1685 70.7273 0.7535
63.9101 70.7273 0.7516
64.6517 70.7273 0.7485
65.3933 70.7273 0.7432
66.1348 70.7273 0.7352
66.8764 70.7273 0.7236
67.6180 70.7273 0.7077
68.3596 70.7273 0.6868
69.1011 70.7273 0.6603
69.8427 70.7273 0.6276
70.5843 70.7273 0.5882
71.3258 70.7273 0.5418
72.0674 70.7273 0.4879
72.8090 70.7273 0.4265
73.5506 70.7273 0.3575
74.2921 70.7273 0.2809
75.0337 70.7273 0.1969
75.7753 70.7273 0.1061
76.5169 70.7273 0.0090
77.2584 70.7273 0.0000
78.0000 70.7273 0.0000

12.0000 71.4545 0.0000
12.7416 71.4545 0.0000
13.4831 71.4545 0.0000
14.2247 71.4545 0.0125
14.9663 71.4545 0.1057
15.7079 71.4545 0.1922
16.4494 71.4545 0.2714
17.1910 71.4545 0.3431
17.9326 71.4545 0.4070
18.6742 71.4545 0.4631
19.4157 71.4545 0.5117
20.1573 71.4545 0.5531
20.8989 71.4545 0.5876
21.6404 71.4545 0.6159
22.3820 71.4545 0.6387
23.1236 71.4545 0.6567
23.8652 71.4545 0.6707
24.6067 71.4545 0.6815
25.3483 71.4545 0.6900
26.0899 71.4545 0.6967
26.8315 71.4545 0.7023
27.5730 71.4545 0.7072
28.3146 71.4545 0.7118
29.0562 71.4545 0.7163
29.7978 71.4545 0.7208
30.5393 71.4545 0.7256
31.2809 71.4545 0.7306
32.0225 71.4545 0.7360
32.7640 71.4545 0.7417
33.5056 71.4545 0.7477
34.2472 71.4545 0.7539
34.9888 71.4545 0.7600
35.7303 71.4545 0.7658
36.4719 71.4545 0.7708
37.2135 71.4545 0.7750
37.9551 71.4545 0.7778
38.6966 71.4545 0.7792
39.4382 71.4545 0.7791
40.1798 71.4545 0.7775
40.9213 71.4545 0.7746
41.6629 71.4545 0.7705
42.4045 71.4545 0.7656
43.1461 71.4545 0.7603
43.8876 71.4545 0.7549
44.6292 71.4545 0.7497
45.3708 71.4545 0.7450
46.1124 71.4545 0.7410
46.8539 71.4545 0.7378
47.5955 71.4545 0.7353
48.3371 71.4545 0.7335
49.0787 71.4545 0.7324
49.8202 71.4545 0.7316
50.5618 71.4545 0.7310
51.3034 71.4545 0.7303
52.0449 71.4545 0.7295
52.7865 71.4545 0.7283
53.5281 71.4545 0.7266
54.2697 71.4545 0.7244
55.0112 71.4545 0.7217
55.7528 71.4545 0.7186
56.4944 71.4545 0.7152
57.2360 71.4545 0.7116
57.9775 71.4545 0.7082
58.7191 71.4545 0.7051
59.4607 71.4545 0.7025
60.2022 71.4545 0.7005
60.9438 71.4545 0.6990
61.6854 71.4545 0.6980
62.4270 71.4545 0.6972
63.1685 71.4545 0.6962
63.9101 71.4545 0.6944
64.6517 71.4545 0.6913
65.3933 71.4545 0.6862
66.1348 71.4545 0.6782
66.8764 71.4545 0.6667
67.6180 71.4545 0.6509
68.3596 71.4545 0.6301
69.1011 71.4545 0.6037
69.8427 71.4545 0.5711
70.5843 71.4545 0.5319
71.3258 71.4545 0.4856
72.0674 71.4545 0.4321
72.8090 71.4545 0.3710
73.5506 71.4545 0.3024
74.2921 71.4545 0.2264
75.0337 71.4545 0.1431
75.7753 71.4545 0.0531
76.5169 71.4545 0.0000
77.2584 71.4545 0.0000
78.0000 71.4545 0.0000

12.0000 72.1818 0.0000
12.7416 72.1818 0.0000
13.4831 72.1818 0.0000
14.2247 72.1818 0.0000
14.9663 72.1818 0.0469
15.7079 72.1818 0.1318
16.4494 72.1818 0.2097
17.1910 72.1818 0.2803
17.9326 72.1818 0.3434
18.6742 72.1818 0.3990
19.4157 72.1818 0.4472
20.1573 72.1818 0.4883
20.8989 72.1818 0.5228
21.6404 72.1818 0.5511
22.3820 72.1818 0.5741
23.1236 72.1818 0.5924
23.8652 72.1818 0.6068
24.6067 72.1818 0.6181
25.3483 72.1818 0.6271
26.0899 72.1818 0.6344
26.8315 72.1818 0.6406
27.5730 72.1818 0.6462
28.3146 72.1818 0.6513
29.0562 72.1818 0.6563
29.7978 72.1818 0.6614
30.5393 72.1818 0.6666
31.2809 72.1818 0.6720
32.0225 72.1818 0.6778
32.7640 72.1818 0.6840
33.5056 72.1818 0.6905
34.2472 72.1818 0.6972
34.9888 72.1818 0.7039
35.7303 72.1818 0.7103
36.4719 72.1818 0.7161
37.2135 72.1818 0.7209
37.9551 72.1818 0.7244
38.6966 72.1818 0.7263
39.4382 72.1818 0.7266
40.1798 72.1818 0.7253
40.9213 72.1818 0.7224
41.6629 72.1818 0.7183
42.4045 72.1818 0.7132
43.1461 72.1818 0.7076
43.8876 72.1818 0.7019
44.6292 72.1818 0.6964
45.3708 72.1818 0.6913
46.1124 72.1818 0.6870
46.8539 72.1818 0.6834
47.5955 72.1818 0.6807
48.3371 72.1818 0.6787
49.0787 72.1818 0.6772
49.8202 72.1818 0.6761
50.5618 72.1818 0.6750
51.3034 72.1818 0.6739
52.0449 72.1818 0.6724
52.7865 72.1818 0.6705
53.5281 72.1818 0.6680
54.2697 72.1818 0.6649
55.0112 72.1818 0.6613
55.7528 72.1818 0.6574
56.4944 72.1818 0.6532
57.2360 72.1818 0.6490
57.9775 72.1818 0.6450
58.7191 72.1818 0.6415
59.4607 72.1818 0.6385
60.2022 72.1818 0.6362
60.9438 72.1818 0.6346
61.6854 72.1818 0.6335
62.4270 72.1818 0.6326
63.1685 72.1818 0.6316
63.9101 72.1818 0.6298
64.6517 72.1818 0.6267
65.3933 72.1818 0.6216
66.1348 72.1818 0.6136
66.8764 72.1818 0.6020
67.6180 72.1818 0.5862
68.3596 72.1818 0.5655
69.1011 72.1818 0.5392
69.8427 72.1818 0.5068
70.5843 72.1818 0.4678
71.3258 72.1818 0.4219
72.0674 72.1818 0.3688
72.8090 72.1818 0.3083
73.5506 72.1818 0.2404
74.2921 72.1818 0.1652
75.0337 72.1818 0.0829
75.7753 72.1818 0.0000
76.5169 72.1818 0.0000
77.2584 72.1818 0.0000
78.0000 72.1818 0.0000

12.0000 72.9091 0.0000
12.7416 72.9091 0.0000
13.4831 72.9091 0.0000
14.2247 72.9091 0.0000
14.9663 72.9091 0.0000
15.7079 72.9091 0.0654
16.4494 72.9091 0.1416
17.1910 72.9091 0.2109
17.9326 72.9091 0.2729
18.6742 72.9091 0.3276
19.4157 72.9091 0.3753
20.1573 72.9091 0.4161
20.8989 72.9091 0.4504
21.6404 72.9091 0.4788
22.3820 72.9091 0.5019
23.1236 72.9091 0.5205
23.8652 72.9091 0.5354
24.6067 72.9091 0.5473
25.3483 72.9091 0.5570
26.0899 72.9091 0.5651
26.8315 72.9091 0.5720
27.5730 72.9091 0.5783
28.3146 72.9091 0.5841
29.0562 72.9091 0.5897
29.7978 72.9091 0.5952
30.5393 72.9091 0.6008
31.2809 72.9091 0.6066
32.0225 72.9091 0.6127
32.7640 72.9091 0.6192
33.5056 72.9091 0.6260
34.2472 72.9091 0.6331
34.9888 72.9091 0.6403
35.7303 72.9091 0.6473
36.4719 72.9091 0.6537
37.2135 72.9091 0.6591
37.9551 72.9091 0.6632
38.6966 72.9091 0.6658
39.4382 72.9091 0.6666
40.1798 72.9091 0.6657
40.9213 72.9091 0.6631
41.6629 72.9091 0.6591
42.4045 72.9091 0.6542
43.1461 72.9091 0.6485
43.8876 72.9091 0.6427
44.6292 72.9091 0.6370
45.3708 72.9091 0.6317
46.1124 72.9091 0.6272
46.8539 72.9091 0.6235
47.5955 72.9091 0.6206
48.3371 72.9091 0.6184
49.0787 72.9091 0.6166
49.8202 72.9091 0.6151
50.5618 72.9091 0.6136
51.3034 72.9091 0.6118
52.0449 72.9091 0.6096
52.7865 72.9091 0.6067
53.5281 72.9091 0.6032
54.2697 72.9091 0.5992
55.0112 72.9091 0.5946
55.7528 72.9091 0.5897
56.4944 72.9091 0.5846
57.2360 72.9091 0.5797
57.9775 72.9091 0.5752
58.7191 72.9091 0.5712
59.4607 72.9091 0.5680
60.2022 72.9091 0.5655
60.9438 72.9091 0.5637
61.6854 72.9091 0.5624
62.4270 72.9091 0.5614
63.1685 72.9091 0.5602
63.9101 72.9091 0.5583
64.6517 72.9091 0.5550
65.3933 72.9091 0.5497
66.1348 72.9091 0.5416
66.8764 72.9091 0.5299
67.6180 72.9091 0.5141
68.3596 72.9091 0.4934
69.1011 72.9091 0.4672
69.8427 72.9091 0.4350
70.5843 72.9091 0.3964
71.3258 72.9091 0.3510
72.0674 72.9091 0.2985
72.8090 72.9091 0.2388
73.5506 72.9091 0.1719
74.2921 72.9091 0.0978
75.0337 72.9091 0.0170
75.7753 72.9091 0.0000
76.5169 72.9091 0.0000
77.2584 72.9091 0.0000
78.0000 72.9091 0.0000

12.0000 73.6364 0.0000
12.7416 73.6364 0.0000
13.4831 73.6364 0.0000
14.2247 73.6364 0.0000
14.9663 73.6364 0.0000
15.7079 73.6364 0.0000
16.4494 73.6364 0.0676
17.1910 73.6364 0.1351
17.9326 73.6364 0.1957
18.6742 73.6364 0.2494
19.4157 73.6364 0.2963
20.1573 73.6364 0.3366
20.8989 73.6364 0.3707
21.6404 73.6364 0.3991
22.3820 73.6364 0.4224
23.1236 73.6364 0.4415
23.8652 73.6364 0.4569
24.6067 73.6364 0.4695
25.3483 73.6364 0.4800
26.0899 73.6364 0.4889
26.8315 73.6364 0.4967
27.5730 73.6364 0.5038
28.3146 73.6364 0.5103
29.0562 73.6364 0.5165
29.7978 73.6364 0.5225
30.5393 73.6364 0.5285
31.2809 73.6364 0.5345
32.0225 73.6364 0.5408
32.7640 73.6364 0.5475
33.5056 73.6364 0.5545
34.2472 73.6364 0.5618
34.9888 73.6364 0.5693
35.7303 73.6364 0.5767
36.4719 73.6364 0.5835
37.2135 73.6364 0.5895
37.9551 73.6364 0.5942
38.6966 73.6364 0.5973
39.4382 73.6364 0.5988
40.1798 73.6364 0.5984
40.9213 73.6364 0.5964
41.6629 73.6364 0.5929
42.4045 73.6364 0.5882
43.1461 73.6364 0.5829
43.8876 73.6364 0.5772
44.6292 73.6364 0.5716
45.3708 73.6364 0.5664
46.1124 73.6364 0.5619
46.8539 73.6364 0.5582
47.5955 73.6364 0.5552
48.3371 73.6364 0.5529
49.0787 73.6364 0.5509
49.8202 73.6364 0.5490
50.5618 73.6364 0.5469
51.3034 73.6364 0.5444
52.0449 73.6364 0.5412
52.7865 73.6364 0.5374
53.5281 73.6364 0.5328
54.2697 73.6364 0.5276
55.0112 73.6364 0.5219
55.7528 73.6364 0.5160
56.4944 73.6364 0.5101
57.2360 73.6364 0.5045
57.9775 73.6364 0.4994
58.7191 73.6364 0.4951
59.4607 73.6364 0.4915
60.2022 73.6364 0.4888
60.9438 73.6364 0.4868
61.6854 73.6364 0.4853
62.4270 73.6364 0.4840
63.1685 73.6364 0.4825
63.9101 73.6364 0.4803
64.6517 73.6364 0.4767
65.3933 73.6364 0.4711
66.1348 73.6364 0.4627
66.8764 73.6364 0.4509
67.6180 73.6364 0.4349
68.3596 73.6364 0.4142
69.1011 73.6364 0.3882
69.8427 73.6364 0.3563
70.5843 73.6364 0.3182
71.3258 73.6364 0.2734
72.0674 73.6364 0.2218
72.8090 73.6364 0.1632
73.5506 73.6364 0.0975
74.2921 73.6364 0.0250
75.0337 73.6364 0.0000
75.7753 73.6364 0.0000
76.5169 73.6364 0.0000
77.2584 73.6364 0.0000
78.0000 73.6364 0.0000

12.0000 74.3636 0.0000
12.7416 74.3636 0.0000
13.4831 74.3636 0.0000
14.2247 74.3636 0.0000
14.9663 74.3636 0.0000
15.7079 74.3636 0.0000
16.4494 74.3636 0.0000
17.1910 74.3636 0.0535
17.9326 74.3636 0.1125
18.6742 74.3636 0.1649
19.4157 74.3636 0.2109
20.1573 74.3636 0.2505
20.8989 74.3636 0.2843
21.6404 74.3636 0.3127
22.3820 74.3636 0.3362
23.1236 74.3636 0.3557
23.8652 74.3636 0.3717
24.6067 74.3636 0.3851
25.3483 74.3636 0.3965
26.0899 74.3636 0.4063
26.8315 74.3636 0.4151
27.5730 74.3636 0.4230
28.3146 74.3636 0.4303
29.0562 74.3636 0.4371
29.7978 74.3636 0.4436
30.5393 74.3636 0.4499
31.2809 74.3636 0.4561
32.0225 74.3636 0.4625
32.7640 74.3636 0.4692
33.5056 74.3636 0.4762
34.2472 74.3636 0.4836
34.9888 74.3636 0.4911
35.7303 74.3636 0.4986
36.4719 74.3636 0.5057
37.2135 74.3636 0.5120
37.9551 74.3636 0.5172
38.6966 74.3636 0.5210
39.4382 74.3636 0.5231
40.1798 74.3636 0.5235
40.9213 74.3636 0.5222
41.6629 74.3636 0.5194
42.4045 74.3636 0.5154
43.1461 74.3636 0.5106
43.8876 74.3636 0.5054
44.6292 74.3636 0.5003
45.3708 74.3636 0.4954
46.1124 74.3636 0.4912
46.8539 74.3636 0.4877
47.5955 74.3636 0.4849
48.3371 74.3636 0.4825
49.0787 74.3636 0.4803
49.8202 74.3636 0.4780
50.5618 74.3636 0.4753
51.3034 74.3636 0.4720
52.0449 74.3636 0.4678
52.7865 74.3636 0.4628
53.5281 74.3636 0.4570
54.2697 74.3636 0.4506
55.0112 74.3636 0.4437
55.7528 74.3636 0.4368
56.4944 74.3636 0.4301
57.2360 74.3636 0.4239
57.9775 74.3636 0.4184
58.7191 74.3636 0.4137
59.4607 74.3636 0.4099
60.2022 74.3636 0.4069
60.9438 74.3636 0.4047
61.6854 74.3636 0.4029
62.4270 74.3636 0.4013
63.1685 74.3636 0.3993
63.9101 74.3636 0.3966
64.6517 74.3636 0.3925
65.3933 74.3636 0.3864
66.1348 74.3636 0.3777
66.8764 74.3636 0.3655
67.6180 74.3636 0.3494
68.3596 74.3636 0.3288
69.1011 74.3636 0.3029
69.8427 74.3636 0.2715
70.5843 74.3636 0.2340
71.3258 74.3636 0.1900
72.0674 74.3636 0.1395
72.8090 74.3636 0.0821
73.5506 74.3636 0.0181
74.2921 74.3636 0.0000
75.0337 74.3636 0.0000
75.7753 74.3636 0.0000
76.5169 74.3636 0.0000
77.2584 74.3636 0.0000
78.0000 74.3636 0.0000

12.0000 75.0909 0.0000
12.7416 75.0909 0.0000
13.4831 75.0909 0.0000
14.2247 75.0909 0.0000
14.9663 75.0909 0.0000
15.7079 75.0909 0.0000
16.4494 75.0909 0.0000
17.1910 75.0909 0.0000
17.9326 75.0909 0.0241
18.6742 75.0909 0.0749
19.4157 75.0909 0.1197
20.1573 75.0909 0.1586
20.8989 75.0909 0.1919
21.6404 75.0909 0.2202
22.3820 75.0909 0.2439
23.1236 75.0909 0.2638
23.8652 75.0909 0.2806
24.6067 75.0909 0.2948
25.3483 75.0909 0.3071
26.0899 75.0909 0.3179
26.8315 75.0909 0.3276
27.5730 75.0909 0.3364
28.3146 75.0909 0.3445
29.0562 75.0909 0.3520
29.7978 75.0909 0.3589
30.5393 75.0909 0.3655
31.2809 75.0909 0.3719
32.0225 75.0909 0.3783
32.7640 75.0909 0.3848
33.5056 75.0909 0.3916
34.2472 75.0909 0.3988
34.9888 75.0909 0.4061
35.7303 75.0909 0.4135
36.4719 75.0909 0.4206
37.2135 75.0909 0.4271
37.9551 75.0909 0.4327
38.6966 75.0909 0.4370
39.4382 75.0909 0.4398
40.1798 75.0909 0.4410
40.9213 75.0909 0.4406
41.6629 75.0909 0.4387
42.4045 75.0909 0.4357
43.1461 75.0909 0.4318
43.8876 75.0909 0.4274
44.6292 75.0909 0.4230
45.3708 75.0909 0.4189
46.1124 75.0909 0.4152
46.8539 75.0909 0.4122
47.5955 75.0909 0.4096
48.3371 75.0909 0.4073
49.0787 75.0909 0.4050
49.8202 75.0909 0.4024
50.5618 75.0909 0.3991
51.3034 75.0909 0.3949
52.0449 75.0909 0.3897
52.7865 75.0909 0.3835
53.5281 75.0909 0.3764
54.2697 75.0909 0.3687
55.0112 75.0909 0.3608
55.7528 75.0909 0.3529
56.4944 75.0909 0.3455
57.2360 75.0909 0.3387
57.9775 75.0909 0.3328
58.7191 75.0909 0.3278
59.4607 75.0909 0.3238
60.2022 75.0909 0.3207
60.9438 75.0909 0.3181
61.6854 75.0909 0.3160
62.4270 75.0909 0.3139
63.1685 75.0909 0.3114
63.9101 75.0909 0.3080
64.6517 75.0909 0.3033
65.3933 75.0909 0.2966
66.1348 75.0909 0.2873
66.8764 75.0909 0.2748
67.6180 75.0909 0.2585
68.3596 75.0909 0.2379
69.1011 75.0909 0.2123
69.8427 75.0909 0.1814
70.5843 75.0909 0.1446
71.3258 75.0909 0.1018
72.0674 75.0909 0.0525
72.8090 75.0909 0.0000
73.5506 75.0909 0.0000
74.2921 75.0909 0.0000
75.0337 75.0909 0.0000
75.7753 75.0909 0.0000
76.5169 75.0909 0.0000
77.2584 75.0909 0.0000
78.0000 75.0909 0.0000

12.0000 75.8182 0.0000
12.7416 75.8182 0.0000
13.4831 75.8182 0.0000
14.2247 75.8182 0.0000
14.9663 75.8182 0.0000
15.7079 75.8182 0.0000
16.4494 75.8182 0.0000
17.1910 75.8182 0.0000
17.9326 75.8182 0.0000
18.6742 75.8182 0.0000
19.4157 75.8182 0.0240
20.1573 75.8182 0.0619
20.8989 75.8182 0.0947
21.6404 75.8182 0.1228
22.3820 75.8182 0.1466
23.1236 75.8182 0.1669
23.8652 75.8182 0.1843
24.6067 75.8182 0.1993
25.3483 75.8182 0.2126
26.0899 75.8182 0.2243
26.8315 75.8182 0.2350
27.5730 75.8182 0.2447
28.3146 75.8182 0.2536
29.0562 75.8182 0.2617
29.7978 75.8182 0.2691
30.5393 75.8182 0.2759
31.2809 75.8182 0.2824
32.0225 75.8182 0.2887
32.7640 75.8182 0.2950
33.5056 75.8182 0.3015
34.2472 75.8182 0.3083
34.9888 75.8182 0.3152
35.7303 75.8182 0.3222
36.4719 75.8182 0.3290
37.2135 75.8182 0.3354
37.9551 75.8182 0.3411
38.6966 75.8182 0.3457
39.4382 75.8182 0.3491
40.1798 75.8182 0.3511
40.9213 75.8182 0.3517
41.6629 75.8182 0.3510
42.4045 75.8182 0.3491
43.1461 75.8182 0.3465
43.8876 75.8182 0.3433
44.6292 75.8182 0.3400
45.3708 75.8182 0.3369
46.1124 75.8182 0.3341
46.8539 75.8182 0.3317
47.5955 75.8182 0.3297
48.3371 75.8182 0.3276
49.0787 75.8182 0.3253
49.8202 75.8182 0.3224
50.5618 75.8182 0.3185
51.3034 75.8182 0.3134
52.0449 75.8182 0.3072
52.7865 75.8182 0.2998
53.5281 75.8182 0.2915
54.2697 75.8182 0.2827
55.0112 75.8182 0.2737
55.7528 75.8182 0.2650
56.4944 75.8182 0.2569
57.2360 75.8182 0.2497
57.9775 75.8182 0.2435
58.7191 75.8182 0.2384
59.4607 75.8182 0.2342
60.2022 75.8182 0.2309
60.9438 75.8182 0.2280
61.6854 75.8182 0.2254
62.4270 75.8182 0.2227
63.1685 75.8182 0.2195
63.9101 75.8182 0.2154
64.6517 75.8182 0.2099
65.3933 75.8182 0.2025
66.1348 75.8182 0.1926
66.8764 75.8182 0.1797
67.6180 75.8182 0.1633
68.3596 75.8182 0.1427
69.1011 75.8182 0.1175
69.8427 75.8182 0.0872
70.5843 75.8182 0.0513
71.3258 75.8182 0.0097
72.0674 75.8182 0.0000
72.8090 75.8182 0.0000
73.5506 75.8182 0.0000
74.2921 75.8182 0.0000
75.0337 75.8182 0.0000
75.7753 75.8182 0.0000
76.5169 75.8182 0.0000
77.2584 75.8182 0.0000
78.0000 75.8182 0.0000

12.0000 76.5455 0.0000
12.7416 76.5455 0.0000
13.4831 76.5455 0.0000
14.2247 76.5455 0.0000
14.9663 76.5455 0.0000
15.7079 76.5455 0.0000
16.4494 76.5455 0.0000
17.1910 76.5455 0.0000
17.9326 76.5455 0.0000
18.6742 76.5455 0.0000
19.4157 76.5455 0.0000
20.1573 76.5455 0.0000
20.8989 76.5455 0.0000
21.6404 76.5455 0.0217
22.3820 76.5455 0.0456
23.1236 76.5455 0.0662
23.8652 76.5455 0.0842
24.6067 76.5455 0.1000
25.3483 76.5455 0.1140
26.0899 76.5455 0.1267
26.8315 76.5455 0.1383
27.5730 76.5455 0.1488
28.3146 76.5455 0.1584
29.0562 76.5455 0.1671
29.7978 76.5455 0.1749
30.5393 76.5455 0.1820
31.2809 76.5455 0.1886
32.0225 76.5455 0.1948
32.7640 76.5455 0.2008
33.5056 76.5455 0.2068
34.2472 76.5455 0.2130
34.9888 76.5455 0.2193
35.7303 76.5455 0.2257
36.4719 76.5455 0.2320
37.2135 76.5455 0.2380
37.9551 76.5455 0.2434
38.6966 76.5455 0.2482
39.4382 76.5455 0.2520
40.1798 76.5455 0.2547
40.9213 76.5455 0.2563
41.6629 76.5455 0.2568
42.4045 76.5455 0.2563
43.1461 76.5455 0.2551
43.8876 76.5455 0.2534
44.6292 76.5455 0.2515
45.3708 76.5455 0.2497
46.1124 76.5455 0.2481
46.8539 76.5455 0.2466
47.5955 76.5455 0.2453
48.3371 76.5455 0.2437
49.0787 76.5455 0.2415
49.8202 76.5455 0.2383
50.5618 76.5455 0.2339
51.3034 76.5455 0.2281
52.0449 76.5455 0.2209
52.7865 76.5455 0.2124
53.5281 76.5455 0.2030
54.2697 76.5455 0.1932
55.0112 76.5455 0.1833
55.7528 76.5455 0.1739
56.4944 76.5455 0.1653
57.2360 76.5455 0.1578
57.9775 76.5455 0.1515
58.7191 76.5455 0.1463
59.4607 76.5455 0.1420
60.2022 76.5455 0.1385
60.9438 76.5455 0.1353
61.6854 76.5455 0.1322
62.4270 76.5455 0.1288
63.1685 76.5455 0.1248
63.9101 76.5455 0.1198
64.6517 76.5455 0.1134
65.3933 76.5455 0.1052
66.1348 76.5455 0.0947
66.8764 76.5455 0.0814
67.6180 76.5455 0.0648
68.3596 76.5455 0.0443
69.1011 76.5455 0.0196
69.8427 76.5455 0.0000
70.5843 76.5455 0.0000
71.3258 76.5455 0.0000
72.0674 76.5455 0.0000
72.8090 76.5455 0.0000
73.5506 76.5455 0.0000
74.2921 76.5455 0.0000
75.0337 76.5455 0.0000
75.7753 76.5455 0.0000
76.5169 76.5455 0.0000
77.2584 76.5455 0.0000
78.0000 76.5455 0.0000

12.0000 77.2727 0.0000
12.7416 77.2727 0.0000
13.4831 77.2727 0.0000
14.2247 77.2727 0.0000
14.9663 77.2727 0.0000
15.7079 77.2727 0.0000
16.4494 77.2727 0.0000
17.1910 77.2727 0.0000
17.9326 77.2727 0.0000
18.6742 77.2727 0.0000
19.4157 77.2727 0.0000
20.1573 77.2727 0.0000
20.8989 77.2727 0.0000
21.6404 77.2727 0.0000
22.3820 77.2727 0.0000
23.1236 77.2727 0.0000
23.8652 77.2727 0.0000
24.6067 77.2727 0.0000
25.3483 77.2727 0.0130
26.0899 77.2727 0.0264
26.8315 77.2727 0.0387
27.5730 77.2727 0.0500
28.3146 77.2727 0.0602
29.0562 77.2727 0.0694
29.7978 77.2727 0.0776
30.5393 77.2727 0.0849
31.2809 77.2727 0.0915
32.0225 77.2727 0.0975
32.7640 77.2727 0.1032
33.5056 77.2727 0.1088
34.2472 77.2727 0.1143
34.9888 77.2727 0.1198
35.7303 77.2727 0.1254
36.4719 77.2727 0.1309
37.2135 77.2727 0.1362
37.9551 77.2727 0.1412
38.6966 77.2727 0.1458
39.4382 77.2727 0.1497
40.1798 77.2727 0.1529
40.9213 77.2727 0.1554
41.6629 77.2727 0.1570
42.4045 77.2727 0.1580
43.1461 77.2727 0.1583
43.8876 77.2727 0.1583
44.6292 77.2727 0.1580
45.3708 77.2727 0.1578
46.1124 77.2727 0.1575
46.8539 77.2727 0.1573
47.5955 77.2727 0.1568
48.3371 77.2727 0.1558
49.0787 77.2727 0.1538
49.8202 77.2727 0.1506
50.5618 77.2727 0.1458
51.3034 77.2727 0.1393
52.0449 77.2727 0.1313
52.7865 77.2727 0.1219
53.5281 77.2727 0.1117
54.2697 77.2727 0.1010
55.0112 77.2727 0.0905
55.7528 77.2727 0.0807
56.4944 77.2727 0.0718
57.2360 77.2727 0.0641
57.9775 77.2727 0.0578
58.7191 77.2727 0.0525
59.4607 77.2727 0.0482
60.2022 77.2727 0.0444
60.9438 77.2727 0.0409
61.6854 77.2727 0.0372
62.4270 77.2727 0.0331
63.1685 77.2727 0.0282
63.9101 77.2727 0.0223
64.6517 77.2727 0.0150
65.3933 77.2727 0.0060
66.1348 77.2727 0.0000
66.8764 77.2727 0.0000
67.6180 77.2727 0.0000
68.3596 77.2727 0.0000
69.1011 77.2727 0.0000
69.8427 77.2727 0.0000
70.5843 77.2727 0.0000
71.3258 77.2727 0.0000
72.0674 77.2727 0.0000
72.8090 77.2727 0.0000
73.5506 77.2727 0.0000
74.2921 77.2727 0.0000
75.0337 77.2727 0.0000
75.7753 77.2727 0.0000
76.5169 77.2727 0.0000
77.2584 77.2727 0.0000
78.0000 77.2727 0.0000

12.0000 78.0000 0.0000
12.7416 78.0000 0.0000
13.4831 78.0000 0.0000
14.2247 78.0000 0.0000
14.9663 78.0000 0.0000
15.7079 78.0000 0.0000
16.4494 78.0000 0.0000
17.1910 78.0000 0.0000
17.9326 78.0000 0.0000
18.6742 78.0000 0.0000
19.4157 78.0000 0.0000
20.1573 78.0000 0.0000
20.8989 78.0000 0.0000
21.6404 78.0000 0.0000
22.3820 78.0000 0.0000
23.1236 78.0000 0.0000
23.8652 78.0000 0.0000
24.6067 78.0000 0.0000
25.3483 78.0000 0.0000
26.0899 78.0000 0.0000
26.8315 78.0000 0.0000
27.5730 78.0000 0.0000
28.3146 78.0000 0.0000
29.0562 78.0000 0.0000
29.7978 78.0000 0.0000
30.5393 78.0000 0.0000
31.2809 78.0000 0.0000
32.0225 78.0000 0.0000
32.7640 78.0000 0.0040
33.5056 78.0000 0.0090
34.2472 78.0000 0.0138
34.9888 78.0000 0.0185
35.7303 78.0000 0.0231
36.4719 78.0000 0.0277
37.2135 78.0000 0.0321
37.9551 78.0000 0.0364
38.6966 78.0000 0.0404
39.4382 78.0000 0.0442
40.1798 78.0000 0.0476
40.9213 78.0000 0.0507
41.6629 78.0000 0.0533
42.4045 78.0000 0.0555
43.1461 78.0000 0.0574
43.8876 78.0000 0.0590
44.6292 78.0000 0.0605
45.3708 78.0000 0.0619
46.1124 78.0000 0.0633
46.8539 78.0000 0.0643
47.5955 78.0000 0.0649
48.3371 78.0000 0.0646
49.0787 78.0000 0.0630
49.8202 78.0000 0.0598
50.5618 78.0000 0.0548
51.3034 78.0000 0.0479
52.0449 78.0000 0.0393
52.7865 78.0000 0.0294
53.5281 78.0000 0.0185
54.2697 78.0000 0.0074
55.0112 78.0000 0.0000
55.7528 78.0000 0.0000
56.4944 78.0000 0.0000
57.2360 78.0000 0.0000
57.9775 78.0000 0.0000
58.7191 78.0000 0.0000
59.4607 78.0000 0.0000
60.2022 78.0000 0.0000
60.9438 78.0000 0.0000
61.6854 78.0000 0.0000
62.4270 78.0000 0.0000
63.1685 78.0000 0.0000
63.9101 78.0000 0.0000
64.6517 78.0000 0.0000
65.3933 78.0000 0.0000
66.1348 78.0000 0.0000
66.8764 78.0000 0.0000
67.6180 78.0000 0.0000
68.3596 78.0000 0.0000
69.1011 78.0000 0.0000
69.8427 78.0000 0.0000
70.5843 78.0000 0.0000
71.3258 78.0000 0.0000
72.0674 78.0000 0.0000
72.8090 78.0000 0.0000
73.5506 78.0000 0.0000
74.2921 78.0000 0.0000
75.0337 78.0000 0.0000
75.7753 78.0000 0.0000
76.5169 78.0000 0.0000
77.2584 78.0000 0.0000
78.0000 78.0000 0.0000

